Workbook

Sheet Lương 0624_ để check
AO1: 0.105 | AP1: 0.215 | AR1: 4400000
AR2: 11000000 | BA2: =BA9+BA18+BA21+BA31+BA33 -> #VALUE! | BB2: 47000 | BJ2: Chốt | BM2: 13358652
A3: BẢNG LƯƠNG THÁNG 06/2024 | BJ3: Tổng lương thực nhận | BK3: =SUM(AZ9:AZ33) -> #VALUE! | BM3: 472375765
A4: THÔNG TIN NHÂN VIÊN | H4: TỔNG LƯƠNG GROSS | U4: NGÀY CÔNG TÍNH LƯƠNG | AA4: LƯƠNG THEO NGÀY CÔNG | AF4: CÁC KHOẢN THU NHẬP/GIẢM TRỪ KHÁC | AM4: TỔNG THU NHẬP (32=17+22+25) | AN4: BHXH | AQ4: THUẾ TNCN | AW4: THỰC LĨNH | BA4: TỔNG CHI PHÍ LƯƠNG, THƯỞNG | BB4: Note | BJ4: Tổng chi phí lương, thưởng | BK4: =SUM(BA9:BA33) -> #VALUE!
A5: STT | B5: Mã nhân viên | C5: Họ và tên | D5: Email | E5: Vị trí | F5: Thuế | G5: Code | H5: CTV/thực tập | J5: Nhân viên thử việc | M5: Tổng lương gross | N5: Nhân viên chính thức | U5: Tổng ngày công | V5: Ngày công chuẩn | W5: Ngày công CTV / thực tập | X5: Ngày công thử việc | Y5: Ngày công chính thức | Z5: Ngày công trước khi điều chỉnh lương | AA5: Tổng lương theo ngày công (16= 17+18+19 | AB5: Lương ngày công CTV / thực tập | AC5: Lương ngày công thử việc | AD5: Lương ngày công chính thức | AE5: Lương ngày công CTV / thực tập trước ĐC | AF5: Các khoản tăng/giảm khác (23=24+25+26+27+28+29+30) | AG5: Các khoản bổ sung khác | AH5: Thanh toán phép tồn | AI5: Hỗ trợ nhà ở | AJ5: Thưởng (Doanh số, Hiệu quả, Thành tích đặc biệt,…) | AK5: Thưởng các dịp lễ | AL5: Bonus/Lương tháng 13 | AN5: Mức lương đóng BHXH | AO5: BHXH NV đóng (10.5%* lương cơ bản) | AP5: BHXH Công ty đóng (21.5%* lương cơ bản) | AQ5: Tổng số người phụ thuộc | AR5: Giảm trừ bản thân và giảm trừ NPT | AS5: Thu nhập chịu thuế | AT5: Thu nhập tính thuế | AU5: Thuế TNCN | AW5: Tổng thu nhập sau thuế | AX5: Các khoản trừ ngoài lương (-) ( tạm ứng lương, truy thu thuế TNCN…) | AY5: Các khoản cộng ngoài lương (+) ( truy lĩnh thuế TNCN, bù trừ lương tháng ....) | AZ5: LƯƠNG THỰC NHẬN (44=41-42+43 | BI5: Cần chú ý
H6: Tổng lương CTV / thực tập | I6: Tổng lương CTV / thực tập trước ĐC | J6: Tổng lương thử việc (2=3+4) | K6: Lương thử việc | L6: Hỗ trợ ăn trưa | N6: Tổng lương | O6: Lương cơ bản | P6: Thưởng hiệu suất | Q6: Xăng xe | R6: Hỗ trợ Đồng phục | S6: Hỗ trợ điện thoại | T6: Hỗ trợ ăn trưa | AU6: Thuế 10% | AV6: Thuế lũy tiến | BD6: Check thuế | BE6: Check BHXH | BF6: Check loại hình NV | BG6: Check công | BH6: Check tình trạng HĐ | BJ6: Chênh tổng chi phí | BK6: Chênh thực nhận
H7: VND | J7: VND | K7: VND | L7: VND | M7: VND | N7: VND | O7: VND | P7: VND | R7: VND | S7: VND | T7: VND | U7: Ngày | W7: Ngày | X7: Ngày | Y7: Ngày | AA7: VND | AB7: VND | AC7: VND | AD7: VND | AF7: VND | AG7: VND | AH7: VND | AI7: VND | AJ7: VND | AL7: VND | AM7: VND | AN7: VND | AO7: VND | AP7: VND | AQ7: Người | AR7: VNĐ | AS7: VNĐ | AT7: VNĐ | AV7: VNĐ | AW7: VNĐ | AX7: VNĐ | AY7: VNĐ | AZ7: VNĐ | BA7: VNĐ
H8: 1 | J8: 2 | K8: 3 | L8: 4 | M8: 5 | N8: 5 | O8: 6 | P8: 7 | R8: 8 | S8: 9 | T8: 10 | U8: 11 | V8: 12 | W8: 13 | X8: 14 | Y8: 15 | AA8: 16 | AB8: 17 | AC8: 18 | AD8: 19 | AF8: 23 | AG8: 24 | AH8: 26 | AI8: 27 | AJ8: 28 | AK8: 29 | AL8: 30 | AM8: 31 | AN8: 32 | AO8: 33 | AP8: 34 | AQ8: 35 | AR8: 36 | AS8: 37 | AT8: 38 | AU8: 39 | AV8: 40 | AW8: 41 | AX8: 42 | AY8: 43 | AZ8: 44 | BA8: 47
A9: 1 | B9: BSM00001 | C9: Nguyễn Châu Hy | D9: hync.zenme@gmail.com | E9: Trợ lý Giám đốc | G9: ON | M9: =26950794+H37 -> 27950794 | N9: =M9 -> 27950794 | O9: 5100000 | P9: =N9-(O9+Q9+R9+S9+T9) -> 20970794 | Q9: 250000 | R9: 400000 | S9: 500000 | T9: 730000 | U9: =SUM(W9:Y9) -> 10 | V9: 20 | Y9: 10 | AA9: =SUM(AB9:AD9) -> 13975397 | AB9: =ROUND($H9/V9*W9,0) -> 0 | AC9: =ROUND(J9/V9*X9,0) -> 0 | AD9: =ROUND($N9/V9*Y9,0) -> 13975397 | AF9: =SUM(AG9:AL9) -> 0 | AM9: =AA9+AF9 -> 13975397 | AN9: 5100000 | AO9: =$AN9*$AO$1 -> 535500 | AP9: =$AN9*$AP$1 -> 1096500 | AR9: =IF($F9=10%,0,(AQ9*$AR$1+$AR$2)) -> 11000000 | AS9: =AM9-(R9+S9+T9)/V9*U9 -> 13160397 | AT9: =ROUND(IF((AS9-AR9-AO9)<0,0,(AS9-AR9-AO9)),0) -> 1624897 | AU9: =ROUND(IF($F9=10%,ROUND(AS9*10%,0),0),0) -> 0 | AV9: =ROUND(IF(AU9>0,0,IF(AT9<5000000,AT9*5%,IF(AT9<10000000,250000+(AT9-5000000)*10%,IF(AT9<18000000,750000+(AT9-10000000)*15%,IF(AT9<32000000,1950000+(AT9-18000000)*20%,IF(AT9<52000000,4750000+(AT9-32000000)*25%,IF(AT9<80000000,9750000+(AT9-52000000)*30%,IF(AT9<400000000,18150000+(AT9-80000000)*35%,0)))))))),0) -> 81245 | AW9: =AM9-AO9-AV9-AU9 -> 13358652 | AZ9: =ROUND(AW9-AX9+AY9,0) -> 13358652 | BA9: =AM9+AP9 -> 15071897 | BB9: Ngày công T6= 1/2 ngày công T5, T6 thuế TNCN tăng vì gộp ttoans trong hết | BC9: #N/A | BD9: =IF(AND(AN9>0,AU9>0),"check","") | BE9: =IF(AND($F9<>10%,$AN9=0),"check","") | BF9: =IF(AND(#REF!="CT",F9=10%,AN9<>0),"check","") -> #REF! | BG9: =IF(AND(F9=10%,Y9>12),"check","") | BH9: =IF(AND(F9=10%,#REF!="CT"),"check","") -> #REF! | BJ9: =BA9-#REF! -> #REF! | BK9: =AZ9-#REF! -> #REF! | BL9: =C9=#REF! -> #REF! | BM9: Thực Lĩnh tháng 6/2024 | BN9: =SUM(AZ9:AZ33) -> #VALUE!
A10: 2 | B10: BSM00002 | C10: Bùi Văn Điệp | D10: chuaco@congty.cty | E10: Lập trình viên | G10: ON | M10: =26298235+H36+2000000 -> 51798235 | N10: =M10 -> 51798235 | O10: 9000000 | P10: =N10-(O10+Q10+R10+S10+T10) -> 40168235 | Q10: 500000 | R10: 400000 | S10: 1000000 | T10: 730000 | U10: =SUM(W10:Y10) -> 20 | V10: 20 | Y10: 20 | AA10: =SUM(AB10:AD10) -> 51798235 | AB10: =ROUND($H10/V10*W10,0) -> 0 | AC10: =ROUND(J10/V10*X10,0) -> 0 | AD10: =ROUND($N10/V10*Y10,0) -> 51798235 | AF10: =SUM(AG10:AL10) -> 0 | AM10: =AA10+AF10 -> 51798235 | AN10: 6000000 | AO10: =$AN10*$AO$1 -> 630000 | AP10: =$AN10*$AP$1 -> 1290000 | AQ10: 3 | AR10: =IF($F10=10%,0,(AQ10*$AR$1+$AR$2)) -> 24200000 | AS10: =AM10-R10-S10-T10 -> 49668235 | AT10: =ROUND(IF((AS10-AR10-AO10)<0,0,(AS10-AR10-AO10)),0) -> 24838235 | AU10: =ROUND(IF($F10=10%,ROUND(AS10*10%,0),0),0) -> 0 | AV10: =ROUND(IF(AU10>0,0,IF(AT10<5000000,AT10*5%,IF(AT10<10000000,250000+(AT10-5000000)*10%,IF(AT10<18000000,750000+(AT10-10000000)*15%,IF(AT10<32000000,1950000+(AT10-18000000)*20%,IF(AT10<52000000,4750000+(AT10-32000000)*25%,IF(AT10<80000000,9750000+(AT10-52000000)*30%,IF(AT10<400000000,18150000+(AT10-80000000)*35%,0)))))))),0) -> 3317647 | AW10: =AM10-AO10-AV10-AU10 -> 47850588 | AZ10: =ROUND(AW10-AX10+AY10,0) -> 47850588 | BA10: =AM10+AP10 -> 53088235 | BB10: bảng lương T6 gộp 1 dòng, Bảng lương T5 tách 2 dòng, T6 thuế TNCN tăng vì gộp ttoans trong hết | BI10: Thêm 2 tr đảm bảo thu nhập net 48 | BJ10: =BA10-#REF! -> #REF! | BK10: =AZ10-#REF! -> #REF! | BL10: =C10=#REF! -> #REF! | BM10: Tổng chi phí lương thưởng tháng 6/2024 | BN10: =SUM(BA9:BA33) -> #VALUE!
A11: 3 | B11: BSM00003 | C11: Nguyễn Ngọc Anh | D11: ssinz7.zenme@gmail.com | E11: Lập trình viên | G11: ON | M11: =36728000+H38 -> 40728000 | N11: =M11 -> 40728000 | O11: 5100000 | P11: =N11-(O11+Q11+R11+S11+T11) -> 33248000 | Q11: 250000 | R11: 400000 | S11: 1000000 | T11: 730000 | U11: =SUM(W11:Y11) -> 20 | V11: 20 | Y11: 20 | AA11: =SUM(AB11:AD11) -> 40728000 | AB11: =ROUND($H11/V11*W11,0) -> 0 | AC11: =ROUND(J11/V11*X11,0) -> 0 | AD11: =ROUND($N11/V11*Y11,0) -> 40728000 | AF11: =SUM(AG11:AL11) -> 0 | AM11: =AA11+AF11 -> 40728000 | AN11: 5100000 | AO11: =$AN11*$AO$1 -> 535500 | AP11: =$AN11*$AP$1 -> 1096500 | AR11: =IF($F11=10%,0,(AQ11*$AR$1+$AR$2)) -> 11000000 | AS11: =AM11-R11-S11-T11 -> 38598000 | AT11: =ROUND(IF((AS11-AR11-AO11)<0,0,(AS11-AR11-AO11)),0) -> 27062500 | AU11: =ROUND(IF($F11=10%,ROUND(AS11*10%,0),0),0) -> 0 | AV11: =ROUND(IF(AU11>0,0,IF(AT11<5000000,AT11*5%,IF(AT11<10000000,250000+(AT11-5000000)*10%,IF(AT11<18000000,750000+(AT11-10000000)*15%,IF(AT11<32000000,1950000+(AT11-18000000)*20%,IF(AT11<52000000,4750000+(AT11-32000000)*25%,IF(AT11<80000000,9750000+(AT11-52000000)*30%,IF(AT11<400000000,18150000+(AT11-80000000)*35%,0)))))))),0) -> 3762500 | AW11: =AM11-AO11-AV11-AU11 -> 36430000 | AZ11: =ROUND(AW11-AX11+AY11,0) -> 36430000 | BA11: =AM11+AP11 -> 41824500 | BB11: bảng lương T6 gộp 1 dòng, Bảng lương T5 tách 2 dòng, T6 thuế TNCN tăng vì gộp ttoans trong hết | BJ11: =BA11-#REF! -> #REF! | BK11: =AZ11-#REF! -> #REF! | BL11: =C11=#REF! -> #REF! | BM11: Total | BN11: =SUM(BN9:BN10) -> #VALUE!
A12: 4 | B12: BSM00005 | C12: Phan Thanh Tùng | D12: tungpt.zenme@gmail.com | E12: Lập trình viên | G12: ON | M12: =31000000+H39 -> 32000000 | N12: =M12 -> 32000000 | O12: 5100000 | P12: =N12-(O12+Q12+R12+S12+T12) -> 25020000 | Q12: 250000 | R12: 400000 | S12: 500000 | T12: 730000 | U12: =SUM(W12:Y12) -> 20 | V12: 20 | Y12: 20 | AA12: =SUM(AB12:AD12) -> 32000000 | AB12: =ROUND($H12/V12*W12,0) -> 0 | AC12: =ROUND(J12/V12*X12,0) -> 0 | AD12: =ROUND($N12/V12*Y12,0) -> 32000000 | AF12: =SUM(AG12:AL12) -> 0 | AM12: =AA12+AF12 -> 32000000 | AN12: 5100000 | AO12: =$AN12*$AO$1 -> 535500 | AP12: =$AN12*$AP$1 -> 1096500 | AR12: =IF($F12=10%,0,(AQ12*$AR$1+$AR$2)) -> 11000000 | AS12: =AM12-R12-S12-T12 -> 30370000 | AT12: =ROUND(IF((AS12-AR12-AO12)<0,0,(AS12-AR12-AO12)),0) -> 18834500 | AU12: =ROUND(IF($F12=10%,ROUND(AS12*10%,0),0),0) -> 0 | AV12: =ROUND(IF(AU12>0,0,IF(AT12<5000000,AT12*5%,IF(AT12<10000000,250000+(AT12-5000000)*10%,IF(AT12<18000000,750000+(AT12-10000000)*15%,IF(AT12<32000000,1950000+(AT12-18000000)*20%,IF(AT12<52000000,4750000+(AT12-32000000)*25%,IF(AT12<80000000,9750000+(AT12-52000000)*30%,IF(AT12<400000000,18150000+(AT12-80000000)*35%,0)))))))),0) -> 2116900 | AW12: =AM12-AO12-AV12-AU12 -> 29347600 | AZ12: =ROUND(AW12-AX12+AY12,0) -> 29347600 | BA12: =AM12+AP12 -> 33096500 | BJ12: =BA12-#REF! -> #REF! | BK12: =AZ12-#REF! -> #REF! | BL12: =C12=#REF! -> #REF!
A13: 5 | B13: BSM00006 | C13: Nguyễn Thị Hà | D13: hant.zenme@gmail.com | E13: Marketing | G13: ON | M13: =18000000+H40 -> 19000000 | N13: =M13 -> 19000000 | O13: 5100000 | P13: =N13-(O13+Q13+R13+S13+T13) -> 12020000 | Q13: 250000 | R13: 400000 | S13: 500000 | T13: 730000 | U13: =SUM(W13:Y13) -> 20 | V13: 20 | Y13: 20 | AA13: =SUM(AB13:AD13) -> 19000000 | AB13: =ROUND($H13/V13*W13,0) -> 0 | AC13: =ROUND(J13/V13*X13,0) -> 0 | AD13: =ROUND($N13/V13*Y13,0) -> 19000000 | AF13: =SUM(AG13:AL13) -> 0 | AM13: =AA13+AF13 -> 19000000 | AN13: 5100000 | AO13: =$AN13*$AO$1 -> 535500 | AP13: =$AN13*$AP$1 -> 1096500 | AR13: =IF($F13=10%,0,(AQ13*$AR$1+$AR$2)) -> 11000000 | AS13: =AM13-R13-S13-T13 -> 17370000 | AT13: =ROUND(IF((AS13-AR13-AO13)<0,0,(AS13-AR13-AO13)),0) -> 5834500 | AU13: =ROUND(IF($F13=10%,ROUND(AS13*10%,0),0),0) -> 0 | AV13: =ROUND(IF(AU13>0,0,IF(AT13<5000000,AT13*5%,IF(AT13<10000000,250000+(AT13-5000000)*10%,IF(AT13<18000000,750000+(AT13-10000000)*15%,IF(AT13<32000000,1950000+(AT13-18000000)*20%,IF(AT13<52000000,4750000+(AT13-32000000)*25%,IF(AT13<80000000,9750000+(AT13-52000000)*30%,IF(AT13<400000000,18150000+(AT13-80000000)*35%,0)))))))),0) -> 333450 | AW13: =AM13-AO13-AV13-AU13 -> 18131050 | AZ13: =ROUND(AW13-AX13+AY13,0) -> 18131050 | BA13: =AM13+AP13 -> 20096500 | BJ13: =BA13-#REF! -> #REF! | BK13: =AZ13-#REF! -> #REF! | BL13: =C13=#REF! -> #REF!
A14: 6 | B14: BSM00007 | C14: Nguyễn Ngọc Lê | D14: le.n.nguyen0192@gmail.com | E14: Lập trình viên | G14: ON | M14: =26215500+H41 -> 29715500 | N14: =M14 -> 29715500 | O14: 5100000 | P14: =N14-(O14+Q14+R14+S14+T14) -> 22735500 | Q14: 250000 | R14: 400000 | S14: 500000 | T14: 730000 | U14: =SUM(W14:Y14) -> 20 | V14: 20 | Y14: 20 | AA14: =SUM(AB14:AD14) -> 29715500 | AB14: =ROUND($H14/V14*W14,0) -> 0 | AC14: =ROUND(J14/V14*X14,0) -> 0 | AD14: =ROUND($N14/V14*Y14,0) -> 29715500 | AF14: =SUM(AG14:AL14) -> 0 | AM14: =AA14+AF14 -> 29715500 | AN14: 5100000 | AO14: =$AN14*$AO$1 -> 535500 | AP14: =$AN14*$AP$1 -> 1096500 | AQ14: 1 | AR14: =IF($F14=10%,0,(AQ14*$AR$1+$AR$2)) -> 15400000 | AS14: =AM14-R14-S14-T14 -> 28085500 | AT14: =ROUND(IF((AS14-AR14-AO14)<0,0,(AS14-AR14-AO14)),0) -> 12150000 | AU14: =ROUND(IF($F14=10%,ROUND(AS14*10%,0),0),0) -> 0 | AV14: =ROUND(IF(AU14>0,0,IF(AT14<5000000,AT14*5%,IF(AT14<10000000,250000+(AT14-5000000)*10%,IF(AT14<18000000,750000+(AT14-10000000)*15%,IF(AT14<32000000,1950000+(AT14-18000000)*20%,IF(AT14<52000000,4750000+(AT14-32000000)*25%,IF(AT14<80000000,9750000+(AT14-52000000)*30%,IF(AT14<400000000,18150000+(AT14-80000000)*35%,0)))))))),0) -> 1072500 | AW14: =AM14-AO14-AV14-AU14 -> 28107500 | AZ14: =ROUND(AW14-AX14+AY14,0) -> 28107500 | BA14: =AM14+AP14 -> 30812000 | BJ14: =BA14-#REF! -> #REF! | BK14: =AZ14-#REF! -> #REF! | BL14: =C14=#REF! -> #REF!
A15: 7 | B15: BSM00008 | C15: Nguyễn Hồng Nhung | D15: nhungnh.zenme@gmail.com | E15: Trợ lý kinh doanh | G15: ON | M15: =18000000+H42 -> 21000000 | N15: =M15 -> 21000000 | O15: 5100000 | P15: =N15-(O15+Q15+R15+S15+T15) -> 14020000 | Q15: 250000 | R15: 400000 | S15: 500000 | T15: 730000 | U15: =SUM(W15:Y15) -> 20 | V15: 20 | Y15: 20 | AA15: =SUM(AB15:AD15) -> 21000000 | AB15: =ROUND($H15/V15*W15,0) -> 0 | AC15: =ROUND(J15/V15*X15,0) -> 0 | AD15: =ROUND($N15/V15*Y15,0) -> 21000000 | AF15: =SUM(AG15:AL15) -> 0 | AM15: =AA15+AF15 -> 21000000 | AN15: 5100000 | AO15: =$AN15*$AO$1 -> 535500 | AP15: =$AN15*$AP$1 -> 1096500 | AR15: =IF($F15=10%,0,(AQ15*$AR$1+$AR$2)) -> 11000000 | AS15: =AM15-R15-S15-T15 -> 19370000 | AT15: =ROUND(IF((AS15-AR15-AO15)<0,0,(AS15-AR15-AO15)),0) -> 7834500 | AU15: =ROUND(IF($F15=10%,ROUND(AS15*10%,0),0),0) -> 0 | AV15: =ROUND(IF(AU15>0,0,IF(AT15<5000000,AT15*5%,IF(AT15<10000000,250000+(AT15-5000000)*10%,IF(AT15<18000000,750000+(AT15-10000000)*15%,IF(AT15<32000000,1950000+(AT15-18000000)*20%,IF(AT15<52000000,4750000+(AT15-32000000)*25%,IF(AT15<80000000,9750000+(AT15-52000000)*30%,IF(AT15<400000000,18150000+(AT15-80000000)*35%,0)))))))),0) -> 533450 | AW15: =AM15-AO15-AV15-AU15 -> 19931050 | AZ15: =ROUND(AW15-AX15+AY15,0) -> 19931050 | BA15: =AM15+AP15 -> 22096500 | BJ15: =BA15-#REF! -> #REF! | BK15: =AZ15-#REF! -> #REF! | BL15: =C15=#REF! -> #REF!
A16: 8 | B16: BSM00016 | C16: Lê Hải Linh | D16: linhlh.zenme@gmail.com | E16: NV Marketing | G16: ON | M16: =23000000+H43 -> 24000000 | N16: =M16 -> 24000000 | O16: 5100000 | P16: =N16-(O16+Q16+R16+S16+T16) -> 17020000 | Q16: 250000 | R16: 400000 | S16: 500000 | T16: 730000 | U16: =SUM(W16:Y16) -> 20 | V16: 20 | Y16: 20 | AA16: =SUM(AB16:AD16) -> 24000000 | AB16: =ROUND($H16/V16*W16,0) -> 0 | AC16: =ROUND(J16/V16*X16,0) -> 0 | AD16: =ROUND($N16/V16*Y16,0) -> 24000000 | AF16: =SUM(AG16:AL16) -> 0 | AM16: =AA16+AF16 -> 24000000 | AN16: 5100000 | AO16: =$AN16*$AO$1 -> 535500 | AP16: =$AN16*$AP$1 -> 1096500 | AR16: =IF($F16=10%,0,(AQ16*$AR$1+$AR$2)) -> 11000000 | AS16: =AM16-R16-S16-T16 -> 22370000 | AT16: =ROUND(IF((AS16-AR16-AO16)<0,0,(AS16-AR16-AO16)),0) -> 10834500 | AU16: =ROUND(IF($F16=10%,ROUND(AS16*10%,0),0),0) -> 0 | AV16: =ROUND(IF(AU16>0,0,IF(AT16<5000000,AT16*5%,IF(AT16<10000000,250000+(AT16-5000000)*10%,IF(AT16<18000000,750000+(AT16-10000000)*15%,IF(AT16<32000000,1950000+(AT16-18000000)*20%,IF(AT16<52000000,4750000+(AT16-32000000)*25%,IF(AT16<80000000,9750000+(AT16-52000000)*30%,IF(AT16<400000000,18150000+(AT16-80000000)*35%,0)))))))),0) -> 875175 | AW16: =AM16-AO16-AV16-AU16 -> 22589325 | AZ16: =ROUND(AW16-AX16+AY16,0) -> 22589325 | BA16: =AM16+AP16 -> 25096500 | BJ16: =BA16-#REF! -> #REF! | BK16: =AZ16-#REF! -> #REF! | BL16: =C16=#REF! -> #REF!
A17: 9 | B17: BSM00013 | C17: Cao Nguyễn Nguyệt Linh | D17: cnguyetlinh@gmail.com | E17: NV Marketing | G17: ON | M17: 8535500 | N17: =M17 -> 8535500 | O17: 5100000 | P17: =N17-(O17+Q17+R17+S17+T17) -> 1555500 | Q17: 250000 | R17: 400000 | S17: 500000 | T17: 730000 | U17: =SUM(W17:Y17) -> 20 | V17: 20 | Y17: 20 | AA17: =SUM(AB17:AD17) -> 8535500 | AB17: =ROUND($H17/V17*W17,0) -> 0 | AC17: =ROUND(J17/V17*X17,0) -> 0 | AD17: =ROUND($N17/V17*Y17,0) -> 8535500 | AF17: =SUM(AG17:AL17) -> 0 | AM17: =AA17+AF17 -> 8535500 | AN17: 5100000 | AO17: =$AN17*$AO$1 -> 535500 | AP17: =$AN17*$AP$1 -> 1096500 | AR17: =IF($F17=10%,0,(AQ17*$AR$1+$AR$2)) -> 11000000 | AS17: =AM17-R17-S17-T17 -> 6905500 | AT17: =ROUND(IF((AS17-AR17-AO17)<0,0,(AS17-AR17-AO17)),0) -> 0 | AU17: =ROUND(IF($F17=10%,ROUND(AS17*10%,0),0),0) -> 0 | AV17: =ROUND(IF(AU17>0,0,IF(AT17<5000000,AT17*5%,IF(AT17<10000000,250000+(AT17-5000000)*10%,IF(AT17<18000000,750000+(AT17-10000000)*15%,IF(AT17<32000000,1950000+(AT17-18000000)*20%,IF(AT17<52000000,4750000+(AT17-32000000)*25%,IF(AT17<80000000,9750000+(AT17-52000000)*30%,IF(AT17<400000000,18150000+(AT17-80000000)*35%,0)))))))),0) -> 0 | AW17: =AM17-AO17-AV17-AU17 -> 8000000 | AZ17: =ROUND(AW17-AX17+AY17,0) -> 8000000 | BA17: =AM17+AP17 -> 9632000 | BJ17: =BA17-#REF! -> #REF! | BK17: =AZ17-#REF! -> #REF! | BL17: =C17=#REF! -> #REF!
A18: 10 | B18: BSM00020 | C18: Nguyễn Minh Hiếu | D18: hieunp131@gmail.com | E18: Lập trình viên | G18: ON | M18: =61423333+H44+150000 -> 63573333 | N18: =M18 -> 63573333 | O18: 20000000 | P18: =N18-(O18+Q18+R18+S18+T18) -> 41443333 | Q18: 500000 | R18: 400000 | S18: 500000 | T18: 730000 | U18: =SUM(W18:Y18) -> 20 | V18: 20 | Y18: 20 | AA18: =SUM(AB18:AD18) -> 63573333 | AB18: =ROUND($H18/V18*W18,0) -> 0 | AC18: =ROUND(J18/V18*X18,0) -> 0 | AD18: =ROUND($N18/V18*Y18,0) -> 63573333 | AF18: =SUM(AG18:AL18) -> 0 | AM18: =AA18+AF18 -> 63573333 | AN18: 20000000 | AO18: =$AN18*$AO$1 -> 2100000 | AP18: =$AN18*$AP$1 -> 4300000 | AQ18: 2 | AR18: =IF($F18=10%,0,(AQ18*$AR$1+$AR$2)) -> 19800000 | AS18: =AM18-R18-S18-T18 -> 61943333 | AT18: =ROUND(IF((AS18-AR18-AO18)<0,0,(AS18-AR18-AO18)),0) -> 40043333 | AU18: =ROUND(IF($F18=10%,ROUND(AS18*10%,0),0),0) -> 0 | AV18: =ROUND(IF(AU18>0,0,IF(AT18<5000000,AT18*5%,IF(AT18<10000000,250000+(AT18-5000000)*10%,IF(AT18<18000000,750000+(AT18-10000000)*15%,IF(AT18<32000000,1950000+(AT18-18000000)*20%,IF(AT18<52000000,4750000+(AT18-32000000)*25%,IF(AT18<80000000,9750000+(AT18-52000000)*30%,IF(AT18<400000000,18150000+(AT18-80000000)*35%,0)))))))),0) -> 6760833 | AW18: =AM18-AO18-AV18-AU18 -> 54712500 | AZ18: =ROUND(AW18-AX18+AY18,0) -> 54712500 | BA18: =AM18+AP18 -> 67873333 | BI18: Thang 7 cho ra ngoài ko trên prayroll BSM | BJ18: =BA18-#REF! -> #REF! | BK18: =AZ18-#REF! -> #REF! | BL18: =C18=#REF! -> #REF!
A19: 11 | C19: Thái Thanh Nhật Quang | D19: Henry@bsmlabs.io | E19: giám đốc | G19: ON | M19: 98630000 | N19: =M19 -> 98630000 | O19: 20000000 | P19: =N19-(O19+Q19+R19+S19+T19) -> 76250000 | Q19: 250000 | R19: 400000 | S19: 1000000 | T19: 730000 | U19: =SUM(W19:Y19) -> 20 | V19: 20 | Y19: 20 | AA19: =SUM(AB19:AD19) -> 98630000 | AB19: =ROUND($H19/V19*W19,0) -> 0 | AC19: =ROUND(J19/V19*X19,0) -> 0 | AD19: =ROUND($N19/V19*Y19,0) -> 98630000 | AF19: =SUM(AG19:AL19) -> 0 | AM19: =AA19+AF19 -> 98630000 | AN19: 20000000 | AO19: =$AN19*$AO$1 -> 2100000 | AP19: =$AN19*$AP$1 -> 4300000 | AQ19: 2 | AR19: =IF($F19=10%,0,(AQ19*$AR$1+$AR$2)) -> 19800000 | AS19: =AM19-R19-S19-T19 -> 96500000 | AT19: =ROUND(IF((AS19-AR19-AO19)<0,0,(AS19-AR19-AO19)),0) -> 74600000 | AU19: =ROUND(IF($F19=10%,ROUND(AS19*10%,0),0),0) -> 0 | AV19: =ROUND(IF(AU19>0,0,IF(AT19<5000000,AT19*5%,IF(AT19<10000000,250000+(AT19-5000000)*10%,IF(AT19<18000000,750000+(AT19-10000000)*15%,IF(AT19<32000000,1950000+(AT19-18000000)*20%,IF(AT19<52000000,4750000+(AT19-32000000)*25%,IF(AT19<80000000,9750000+(AT19-52000000)*30%,IF(AT19<400000000,18150000+(AT19-80000000)*35%,0)))))))),0) -> 16530000 | AW19: =AM19-AO19-AV19-AU19 -> 80000000 | AZ19: =ROUND(AW19-AX19+AY19,0) -> 80000000 | BA19: =AM19+AP19 -> 102930000
A20: 12 | C20: Trần Minh Tuyết | D20: tuyet.tranminh1973@gmail.com | E20: Kế toán | G20: ON | M20: 14000000 | N20: =M20 -> 14000000 | O20: 9000000 | P20: =N20-(O20+Q20+R20+S20+T20) -> 3120000 | Q20: 250000 | R20: 400000 | S20: 500000 | T20: 730000 | U20: =SUM(W20:Y20) -> 13 | V20: 20 | Y20: 13 | AA20: =SUM(AB20:AD20) -> 9100000 | AB20: =ROUND($H20/V20*W20,0) -> 0 | AC20: =ROUND(J20/V20*X20,0) -> 0 | AD20: =ROUND($N20/V20*Y20,0) -> 9100000 | AM20: =AA20+AF20 -> 9100000 | AN20: 9000000 | AO20: =$AN20*$AO$1 -> 945000 | AP20: =$AN20*$AP$1 -> 1935000 | AQ20: 1 | AR20: =IF($F20=10%,0,(AQ20*$AR$1+$AR$2)) -> 15400000 | AS20: =AM20-R20-S20-T20 -> 7470000 | AT20: =ROUND(IF((AS20-AR20-AO20)<0,0,(AS20-AR20-AO20)),0) -> 0 | AU20: =ROUND(IF($F20=10%,ROUND(AS20*10%,0),0),0) -> 0 | AV20: =ROUND(IF(AU20>0,0,IF(AT20<5000000,AT20*5%,IF(AT20<10000000,250000+(AT20-5000000)*10%,IF(AT20<18000000,750000+(AT20-10000000)*15%,IF(AT20<32000000,1950000+(AT20-18000000)*20%,IF(AT20<52000000,4750000+(AT20-32000000)*25%,IF(AT20<80000000,9750000+(AT20-52000000)*30%,IF(AT20<400000000,18150000+(AT20-80000000)*35%,0)))))))),0) -> 0 | AW20: =AM20-AO20-AV20-AU20 -> 8155000 | AZ20: =ROUND(AW20-AX20+AY20,0) -> 8155000 | BA20: =AM20+AP20 -> 11035000 | BJ20: =BA20-#REF! -> #REF! | BK20: =AZ20-#REF! -> #REF! | BL20: =C20=#REF! -> #REF!
A21: 13 | B21: BSM00023 | C21: Trần Thành Trung | D21: trungtt.bsmlabs@gmail.com | E21: Developer | F21: 0.1 | G21: NEW | J21: =M21*85% -> 23611111 | M21: =25000000/0.9 -> 27777778 | N21: =M21 -> 27777778 | U21: =SUM(W21:Y21) -> 20 | V21: 20 | X21: 20 | Y21: #REF! | AA21: =SUM(AB21:AD21) -> #VALUE! | AB21: =ROUND($H21/V21*W21,0) -> 0 | AC21: =ROUND(J21/V21*X21,0) -> 23611111 | AD21: =ROUND($N21/V21*Y21,0) -> #VALUE! | AF21: =SUM(AG21:AL21) -> 0 | AM21: =AA21+AF21 -> #VALUE! | AN21: 0 | AO21: =$AN21*$AO$1 -> 0 | AP21: =$AN21*$AP$1 -> 0 | AR21: =IF($F21=10%,0,(AQ21*$AR$1+$AR$2)) -> 0 | AS21: =AM21-R21-S21-T21 -> #VALUE! | AT21: =ROUND(IF((AS21-AR21-AO21)<0,0,(AS21-AR21-AO21)),0) -> #VALUE! | AU21: =ROUND(IF($F21=10%,ROUND(AS21*10%,0),0),0) -> #VALUE! | AV21: =ROUND(IF(AU21>0,0,IF(AT21<5000000,AT21*5%,IF(AT21<10000000,250000+(AT21-5000000)*10%,IF(AT21<18000000,750000+(AT21-10000000)*15%,IF(AT21<32000000,1950000+(AT21-18000000)*20%,IF(AT21<52000000,4750000+(AT21-32000000)*25%,IF(AT21<80000000,9750000+(AT21-52000000)*30%,IF(AT21<400000000,18150000+(AT21-80000000)*35%,0)))))))),0) -> #VALUE! | AW21: =AM21-AO21-AV21-AU21 -> #VALUE! | AZ21: =ROUND(AW21-AX21+AY21,0) -> #VALUE! | BA21: =AM21+AP21 -> #VALUE! | BB21: Thử việc | BJ21: =BA21-#REF! -> #VALUE! | BK21: =AZ21-#REF! -> #VALUE! | BL21: =C21=#REF! -> #REF!
A22: 14 | B22: BSM00024 | C22: Đỗ Khánh Huyền | D22: huyendk.bsmlabs@gmail.com | E22: Trợ lý Giám đốc | F22: 0.1 | G22: NEW | J22: =M22*100% -> 27777778 | M22: =25000000/0.9 -> 27777778 | N22: =M22 -> 27777778 | U22: =SUM(W22:Y22) -> 18 | V22: 20 | X22: 18 | Y22: #REF! | AA22: =SUM(AB22:AD22) -> #VALUE! | AB22: =ROUND($H22/V22*W22,0) -> 0 | AC22: =ROUND(J22/V22*X22,0) -> 25000000 | AD22: =ROUND($N22/V22*Y22,0) -> #VALUE! | AF22: =SUM(AG22:AL22) -> 0 | AM22: =AA22+AF22 -> #VALUE! | AO22: =$AN22*$AO$1 -> 0 | AP22: =$AN22*$AP$1 -> 0 | AR22: =IF($F22=10%,0,(AQ22*$AR$1+$AR$2)) -> 0 | AS22: =AM22-R22-S22-T22 -> #VALUE! | AT22: =ROUND(IF((AS22-AR22-AO22)<0,0,(AS22-AR22-AO22)),0) -> #VALUE! | AU22: =ROUND(IF($F22=10%,ROUND(AS22*10%,0),0),0) -> #VALUE! | AV22: =ROUND(IF(AU22>0,0,IF(AT22<5000000,AT22*5%,IF(AT22<10000000,250000+(AT22-5000000)*10%,IF(AT22<18000000,750000+(AT22-10000000)*15%,IF(AT22<32000000,1950000+(AT22-18000000)*20%,IF(AT22<52000000,4750000+(AT22-32000000)*25%,IF(AT22<80000000,9750000+(AT22-52000000)*30%,IF(AT22<400000000,18150000+(AT22-80000000)*35%,0)))))))),0) -> #VALUE! | AW22: =AM22-AO22-AV22-AU22 -> #VALUE! | AZ22: =ROUND(AW22-AX22+AY22,0) -> #VALUE! | BA22: =AM22+AP22 -> #VALUE! | BB22: Thử việc | BJ22: =BA22-#REF! -> #VALUE! | BK22: =AZ22-#REF! -> #VALUE! | BL22: =C22=#REF! -> #REF!
A23: 15 | C23: Nguyễn Tử Trường Lâm | D23: Lamntt.bsmlabs@gmail.com | E23: Video Editor | F23: 0.1 | G23: NEW | J23: =M23*85% -> 11333333 | M23: =12000000/0.9 -> 13333333 | N23: =M23 -> 13333333 | U23: =SUM(W23:Y23) -> 20 | V23: 20 | X23: 20 | Y23: 0 | AA23: =SUM(AB23:AD23) -> 11333333 | AB23: =ROUND($H23/V23*W23,0) -> 0 | AC23: =ROUND(J23/V23*X23,0) -> 11333333 | AD23: =ROUND($N23/V23*Y23,0) -> 0 | AM23: =AA23+AF23 -> 11333333 | AO23: =$AN23*$AO$1 -> 0 | AP23: =$AN23*$AP$1 -> 0 | AR23: =IF($F23=10%,0,(AQ23*$AR$1+$AR$2)) -> 0 | AS23: =AM23-R23-S23-T23 -> 11333333 | AT23: =ROUND(IF((AS23-AR23-AO23)<0,0,(AS23-AR23-AO23)),0) -> 11333333 | AU23: =ROUND(IF($F23=10%,ROUND(AS23*10%,0),0),0) -> 1133333 | AV23: =ROUND(IF(AU23>0,0,IF(AT23<5000000,AT23*5%,IF(AT23<10000000,250000+(AT23-5000000)*10%,IF(AT23<18000000,750000+(AT23-10000000)*15%,IF(AT23<32000000,1950000+(AT23-18000000)*20%,IF(AT23<52000000,4750000+(AT23-32000000)*25%,IF(AT23<80000000,9750000+(AT23-52000000)*30%,IF(AT23<400000000,18150000+(AT23-80000000)*35%,0)))))))),0) -> 0 | AW23: =AM23-AO23-AV23-AU23 -> 10200000 | AZ23: =ROUND(AW23-AX23+AY23,0) -> 10200000 | BA23: =AM23+AP23 -> 11333333 | BB23: Thử việc | BJ23: =BA23-#REF! -> #REF! | BK23: =AZ23-#REF! -> #REF! | BL23: =C23=#REF! -> #REF!
A24: 16 | C24: Lê Anh Việt | D24: vietle.bsmlabs@gmail.com | E24: BD | F24: 0.1 | G24: NEW | J24: =M24*100% -> 10000000 | M24: 10000000 | N24: =M24 -> 10000000 | U24: =SUM(W24:Y24) -> 20 | V24: 20 | X24: 20 | Y24: 0 | AA24: =SUM(AB24:AD24) -> 10000000 | AB24: =ROUND($H24/V24*W24,0) -> 0 | AC24: =ROUND(J24/V24*X24,0) -> 10000000 | AD24: =ROUND($N24/V24*Y24,0) -> 0 | AM24: =AA24+AF24 -> 10000000 | AO24: =$AN24*$AO$1 -> 0 | AP24: =$AN24*$AP$1 -> 0 | AR24: =IF($F24=10%,0,(AQ24*$AR$1+$AR$2)) -> 0 | AS24: =AM24-R24-S24-T24 -> 10000000 | AT24: =ROUND(IF((AS24-AR24-AO24)<0,0,(AS24-AR24-AO24)),0) -> 10000000 | AU24: =ROUND(IF($F24=10%,ROUND(AS24*10%,0),0),0) -> 1000000 | AV24: =ROUND(IF(AU24>0,0,IF(AT24<5000000,AT24*5%,IF(AT24<10000000,250000+(AT24-5000000)*10%,IF(AT24<18000000,750000+(AT24-10000000)*15%,IF(AT24<32000000,1950000+(AT24-18000000)*20%,IF(AT24<52000000,4750000+(AT24-32000000)*25%,IF(AT24<80000000,9750000+(AT24-52000000)*30%,IF(AT24<400000000,18150000+(AT24-80000000)*35%,0)))))))),0) -> 0 | AW24: =AM24-AO24-AV24-AU24 -> 9000000 | AZ24: =ROUND(AW24-AX24+AY24,0) -> 9000000 | BA24: =AM24+AP24 -> 10000000 | BB24: Thử việc | BJ24: =BA24-#REF! -> #REF! | BK24: =AZ24-#REF! -> #REF! | BL24: =C24=#REF! -> #REF!
A25: 17 | C25: Trần Thị Bảo Tâm | D25: tamtran.bsmlabs@gmail.com | E25: HR | F25: 0.1 | G25: NEW | J25: =M25*100% -> 20000000 | M25: =18000000/0.9 -> 20000000 | N25: =M25 -> 20000000 | U25: =SUM(W25:Y25) -> 9 | V25: 20 | X25: 9 | Y25: 0 | AA25: =SUM(AB25:AD25) -> 9000000 | AB25: =ROUND($H25/V25*W25,0) -> 0 | AC25: =ROUND(J25/V25*X25,0) -> 9000000 | AD25: =ROUND($N25/V25*Y25,0) -> 0 | AM25: =AA25+AF25 -> 9000000 | AO25: =$AN25*$AO$1 -> 0 | AP25: =$AN25*$AP$1 -> 0 | AR25: =IF($F25=10%,0,(AQ25*$AR$1+$AR$2)) -> 0 | AS25: =AM25-R25-S25-T25 -> 9000000 | AT25: =ROUND(IF((AS25-AR25-AO25)<0,0,(AS25-AR25-AO25)),0) -> 9000000 | AU25: =ROUND(IF($F25=10%,ROUND(AS25*10%,0),0),0) -> 900000 | AV25: =ROUND(IF(AU25>0,0,IF(AT25<5000000,AT25*5%,IF(AT25<10000000,250000+(AT25-5000000)*10%,IF(AT25<18000000,750000+(AT25-10000000)*15%,IF(AT25<32000000,1950000+(AT25-18000000)*20%,IF(AT25<52000000,4750000+(AT25-32000000)*25%,IF(AT25<80000000,9750000+(AT25-52000000)*30%,IF(AT25<400000000,18150000+(AT25-80000000)*35%,0)))))))),0) -> 0 | AW25: =AM25-AO25-AV25-AU25 -> 8100000 | AZ25: =ROUND(AW25-AX25+AY25,0) -> 8100000 | BA25: =AM25+AP25 -> 9000000 | BB25: Thử việc | BJ25: =BA25-#REF! -> #REF! | BK25: =AZ25-#REF! -> #REF! | BL25: =C25=#REF! -> #REF!
A26: 18 | B26: BSM00017 | C26: Nguyễn Thị Thu Thảo | D26: thuthaonguyenzz620@gmail.com | E26: Thực tập sinh | F26: 0.1 | G26: ON | H26: 11000000 | M26: =H26 -> 11000000 | U26: =SUM(W26:Y26) -> 20 | V26: 20 | W26: 20 | AA26: =SUM(AB26:AD26) -> 11000000 | AB26: =ROUND($H26/V26*W26,0) -> 11000000 | AC26: =ROUND(J26/V26*X26,0) -> 0 | AD26: =ROUND($N26/V26*Y26,0) -> 0 | AF26: =SUM(AG26:AL26) -> 0 | AM26: =AA26+AF26 -> 11000000 | AS26: =AM26-R26-S26-T26 -> 11000000 | AT26: =ROUND(IF((AS26-AR26-AO26)<0,0,(AS26-AR26-AO26)),0) -> 11000000 | AU26: =ROUND(IF($F26=10%,ROUND(AS26*10%,0),0),0) -> 1100000 | AW26: =AM26-AO26-AV26-AU26 -> 9900000 | AX26: 0 | AZ26: =ROUND(AW26-AX26+AY26,0) -> 9900000 | BA26: =AM26+AP26 -> 11000000 | BB26: Intern | BJ26: =BA26-#REF! -> #REF! | BK26: =AZ26-#REF! -> #REF! | BL26: =C26=#REF! -> #REF!
A27: 19 | B27: BSM00021 | C27: Nguyễn Xuân Phong | D27: phongnx.bsmlabs@gmail.com | E27: Thực tập sinh | F27: 0.1 | G27: ON | H27: =5000000/0.9 -> 5555555.6 | M27: =H27 -> 5555555.6 | U27: =SUM(W27:Y27) -> 20 | V27: 20 | W27: 20 | AA27: =SUM(AB27:AE27) -> 5555556 | AB27: =ROUND($H27/V27*W27,0) -> 5555556 | AC27: =ROUND(J27/V27*X27,0) -> 0 | AD27: =ROUND($N27/V27*Y27,0) -> 0 | AF27: =SUM(AG27:AL27) -> 0 | AM27: =AA27+AF27 -> 5555556 | AS27: =AM27-R27-S27-T27 -> 5555556 | AT27: =ROUND(IF((AS27-AR27-AO27)<0,0,(AS27-AR27-AO27)),0) -> 5555556 | AU27: =ROUND(IF($F27=10%,ROUND(AS27*10%,0),0),0) -> 555556 | AW27: =AM27-AO27-AV27-AU27 -> 5000000 | AX27: 0 | AZ27: =ROUND(AW27-AX27+AY27,0) -> 5000000 | BA27: =AM27+AP27 -> 5555556 | BB27: Intern | BI27: Cty trả taxes | BJ27: =BA27-#REF! -> #REF! | BK27: =AZ27-#REF! -> #REF! | BL27: =C27=#REF! -> #REF!
A28: 20 | B28: BSM00022 | C28: Vương Tuấn Cường | D28: cuongvt.bsmlabs@gmail.com | E28: Thực tập sinh | F28: 0.1 | G28: ON | H28: =6000000/0.9 -> 6666666.7 | M28: =H28 -> 6666666.7 | U28: =SUM(W28:Y28) -> 20 | V28: 20 | W28: 20 | AA28: =SUM(AB28:AE28) -> 6666667 | AB28: =ROUND($H28/V28*W28,0) -> 6666667 | AC28: =ROUND(J28/V28*X28,0) -> 0 | AD28: =ROUND($N28/V28*Y28,0) -> 0 | AF28: =SUM(AG28:AL28) -> 0 | AM28: =AA28+AF28 -> 6666667 | AS28: =AM28-R28-S28-T28 -> 6666667 | AT28: =ROUND(IF((AS28-AR28-AO28)<0,0,(AS28-AR28-AO28)),0) -> 6666667 | AU28: =ROUND(IF($F28=10%,ROUND(AS28*10%,0),0),0) -> 666667 | AW28: =AM28-AO28-AV28-AU28 -> 6000000 | AX28: 0 | AZ28: =ROUND(AW28-AX28+AY28,0) -> 6000000 | BA28: =AM28+AP28 -> 6666667 | BB28: Intern | BI28: Cty trả taxes | BJ28: =BA28-#REF! -> #REF! | BK28: =AZ28-#REF! -> #REF! | BL28: =C28=#REF! -> #REF!
A29: 21 | B29: BSM00025 | C29: Nguyễn Nam Anh | D29: anhnn.bsmlabs@gmail.com | E29: Thực tập sinh | F29: 0.1 | G29: NEW | H29: =4000000/0.9 -> 4444444.4 | M29: =H29 -> 4444444.4 | U29: =SUM(W29:Y29) -> 19 | V29: 20 | W29: 19 | AA29: =SUM(AB29:AE29) -> 4222222 | AB29: =ROUND($H29/V29*W29,0) -> 4222222 | AC29: =ROUND(J29/V29*X29,0) -> 0 | AD29: =ROUND($N29/V29*Y29,0) -> 0 | AF29: =SUM(AG29:AL29) -> 0 | AM29: =AA29+AF29 -> 4222222 | AS29: =AM29-R29-S29-T29 -> 4222222 | AT29: =ROUND(IF((AS29-AR29-AO29)<0,0,(AS29-AR29-AO29)),0) -> 4222222 | AU29: =ROUND(IF($F29=10%,ROUND(AS29*10%,0),0),0) -> 422222 | AW29: =AM29-AO29-AV29-AU29 -> 3800000 | AX29: 0 | AZ29: =ROUND(AW29-AX29+AY29,0) -> 3800000 | BA29: =AM29+AP29 -> 4222222 | BB29: Intern | BI29: Cty trả taxes | BJ29: =BA29-#REF! -> #REF! | BK29: =AZ29-#REF! -> #REF! | BL29: =C29=#REF! -> #REF!
A30: 22 | B30: BSM00026 | C30: Ngô Phương Anh | E30: Thực tập sinh | F30: 0.1 | G30: NEW | H30: =5000000/0.9 -> 5555555.6 | M30: =H30 -> 5555555.6 | U30: =SUM(W30:Y30) -> 19 | V30: 20 | W30: 19 | AA30: =SUM(AB30:AE30) -> 5277778 | AB30: =ROUND($H30/V30*W30,0) -> 5277778 | AC30: =ROUND(J30/V30*X30,0) -> 0 | AD30: =ROUND($N30/V30*Y30,0) -> 0 | AF30: =SUM(AG30:AL30) -> 0 | AM30: =AA30+AF30 -> 5277778 | AS30: =AM30-R30-S30-T30 -> 5277778 | AT30: =ROUND(IF((AS30-AR30-AO30)<0,0,(AS30-AR30-AO30)),0) -> 5277778 | AU30: =ROUND(IF($F30=10%,ROUND(AS30*10%,0),0),0) -> 527778 | AW30: =AM30-AO30-AV30-AU30 -> 4750000 | AX30: 0 | AZ30: =ROUND(AW30-AX30+AY30,0) -> 4750000 | BA30: =AM30+AP30 -> 5277778 | BB30: Intern | BI30: Cty trả taxes | BJ30: =BA30-#REF! -> #REF! | BK30: =AZ30-#REF! -> #REF! | BL30: =C30=#REF! -> #REF!
A31: 23 | C31: Nguyễn Văn Tuấn | D31: tuannv140301@gmail.com | E31: AI Intern | F31: 0.1 | G31: ON | H31: 5000000 | M31: =H31 -> 5000000 | U31: =SUM(W31:Y31) -> 11.5 | V31: 20 | W31: 11.5 | AA31: =SUM(AB31:AE31) -> 2875000 | AB31: =ROUND($H31/V31*W31,0) -> 2875000 | AC31: =ROUND(J31/V31*X31,0) -> 0 | AD31: =ROUND($N31/V31*Y31,0) -> 0 | AF31: =SUM(AG31:AL31) -> 0 | AM31: =AA31+AF31 -> 2875000 | AS31: =AM31-R31-S31-T31 -> 2875000 | AT31: =ROUND(IF((AS31-AR31-AO31)<0,0,(AS31-AR31-AO31)),0) -> 2875000 | AU31: =ROUND(IF($F31=10%,ROUND(AS31*10%,0),0),0) -> 287500 | AW31: =AM31-AO31-AV31-AU31 -> 2587500 | AX31: 0 | AZ31: =ROUND(AW31-AX31+AY31,0) -> 2587500 | BA31: =AM31+AP31 -> 2875000 | BB31: Intern | BJ31: =BA31-#REF! -> #REF! | BK31: =AZ31-#REF! -> #REF! | BL31: =C31=#REF! -> #REF!
A32: 24 | C32: Đặng Phương Anh | D32: phuonganhd.bsmlabs@gmail.com | E32: AI Intern | G32: NEW | H32: 3000000 | M32: =H32 -> 3000000 | U32: =SUM(W32:Y32) -> 7 | V32: 20 | W32: 7 | AA32: =SUM(AB32:AE32) -> 1050000 | AB32: =ROUND($H32/V32*W32,0) -> 1050000 | AC32: =ROUND(J32/V32*X32,0) -> 0 | AD32: =ROUND($N32/V32*Y32,0) -> 0 | AF32: =SUM(AG32:AL32) -> 0 | AM32: =AA32+AF32 -> 1050000 | AS32: =AM32-R32-S32-T32 -> 1050000 | AT32: =ROUND(IF((AS32-AR32-AO32)<0,0,(AS32-AR32-AO32)),0) -> 1050000 | AU32: =ROUND(IF($F32=10%,ROUND(AS32*10%,0),0),0) -> 0 | AW32: =AM32-AO32-AV32-AU32 -> 1050000 | AX32: 0 | AZ32: =ROUND(AW32-AX32+AY32,0) -> 1050000 | BA32: =AM32+AP32 -> 1050000 | BB32: Intern | BI32: Cty trả taxes | BJ32: =BA32-#REF! -> #REF! | BK32: =AZ32-#REF! -> #REF! | BL32: =C32=#REF! -> #REF!
A33: 25 | C33: Nguyễn Hải Anh | D33: anhnth@sotanext.com | E33: CTV Admin | H33: 2500000 | M33: =H33 -> 2500000 | U33: =SUM(W33:Y33) -> 13 | V33: 20 | W33: 13 | AA33: =SUM(AB33:AE33) -> 1625000 | AB33: =ROUND($H33/V33*W33,0) -> 1625000 | AC33: =ROUND(J33/V33*X33,0) -> 0 | AD33: =ROUND($N33/V33*Y33,0) -> 0 | AF33: =SUM(AG33:AL33) -> 0 | AM33: =AA33+AF33 -> 1625000 | AS33: =AM33-R33-S33-T33 -> 1625000 | AT33: =ROUND(IF((AS33-AR33-AO33)<0,0,(AS33-AR33-AO33)),0) -> 1625000 | AU33: =ROUND(IF($F33=10%,ROUND(AS33*10%,0),0),0) -> 0 | AW33: =AM33-AO33-AV33-AU33 -> 1625000 | AZ33: =ROUND(AW33-AX33+AY33,0) -> 1625000 | BA33: =AM33+AP33 -> 1625000 | BB33: CTV | BJ33: =BA33-#REF! -> #REF! | BK33: =AZ33-#REF! -> #REF! | BL33: =C33=#REF! -> #REF!
B34: Lương tăng ngoài | AW34: =AM34-AO34-AV34-AU34 -> 0
A35: 1 | C35: Nguyễn Hải Anh | E35: HR | H35: 2500000 | U35: 23 | V35: 23 | AA35: =IFERROR(ROUND(H35/V35*U35,0),0) -> 2500000 | AE35: 0 | AM35: =AA35+AF35 -> 2500000
A36: =A35+1 -> 2 | B36: BSM00002 | C36: Bùi Văn Điệp | E36: Lập trình viên | H36: 23500000 | U36: =IFERROR(VLOOKUP(C36,$C$9:$U$27,19,0),0) -> 20 | V36: =IFERROR(VLOOKUP(C36,$C$9:$V$27,20,0),0) -> 20 | AA36: =IFERROR(ROUND(H36/V36*U36,0),0) -> 23500000 | AE36: 0 | AM36: =AA36+AF36 -> 23500000 | AW36: =AM36-AO36-AV36-AU36 -> 23500000 | AZ36: =ROUND(AW36-AX36+AY36,0) -> 23500000 | BA36: =AM36+AP36 -> 23500000 | BB36: Lương tăng ngoài dành cho nv chính thức
A37: =A36+1 -> 3 | B37: BSM00001 | C37: Nguyễn Châu Hy | H37: 1000000 | U37: =IFERROR(VLOOKUP(C37,$C$9:$U$27,19,0),0) -> 10 | V37: =IFERROR(VLOOKUP(C37,$C$9:$V$27,20,0),0) -> 20 | AA37: =IFERROR(ROUND(H37/V37*U37,0),0) -> 500000 | AE37: 0 | AM37: =AA37+AF37 -> 500000 | AW37: =AM37-AO37-AV37-AU37 -> 500000 | AZ37: =ROUND(AW37-AX37+AY37,0) -> 500000 | BA37: =AM37+AP37 -> 500000 | BB37: Lương tăng ngoài dành cho nv chính thức
A38: =A37+1 -> 4 | B38: BSM00003 | C38: Nguyễn Ngọc Anh | H38: 4000000 | U38: =IFERROR(VLOOKUP(C38,$C$9:$U$27,19,0),0) -> 20 | V38: =IFERROR(VLOOKUP(C38,$C$9:$V$27,20,0),0) -> 20 | AA38: =IFERROR(ROUND(H38/V38*U38,0),0) -> 4000000 | AE38: 0 | AM38: =AA38+AF38 -> 4000000 | AW38: =AM38-AO38-AV38-AU38 -> 4000000 | AZ38: =ROUND(AW38-AX38+AY38,0) -> 4000000 | BA38: =AM38+AP38 -> 4000000 | BB38: Lương tăng ngoài dành cho nv chính thức
A39: =A38+1 -> 5 | B39: BSM00005 | C39: Phan Thanh Tùng | H39: 1000000 | U39: =IFERROR(VLOOKUP(C39,$C$9:$U$27,19,0),0) -> 20 | V39: =IFERROR(VLOOKUP(C39,$C$9:$V$27,20,0),0) -> 20 | AA39: =IFERROR(ROUND(H39/V39*U39,0),0) -> 1000000 | AE39: 0 | AM39: =AA39+AF39 -> 1000000 | AW39: =AM39-AO39-AV39-AU39 -> 1000000 | AZ39: =ROUND(AW39-AX39+AY39,0) -> 1000000 | BA39: =AM39+AP39 -> 1000000 | BB39: Lương tăng ngoài dành cho nv chính thức
A40: =A39+1 -> 6 | B40: BSM00006 | C40: Nguyễn Thị Hà | H40: 1000000 | U40: =IFERROR(VLOOKUP(C40,$C$9:$U$27,19,0),0) -> 20 | V40: =IFERROR(VLOOKUP(C40,$C$9:$V$27,20,0),0) -> 20 | AA40: =IFERROR(ROUND(H40/V40*U40,0),0) -> 1000000 | AE40: 0 | AM40: =AA40+AF40 -> 1000000 | AW40: =AM40-AO40-AV40-AU40 -> 1000000 | AZ40: =ROUND(AW40-AX40+AY40,0) -> 1000000 | BA40: =AM40+AP40 -> 1000000 | BB40: Lương tăng ngoài dành cho nv chính thức
A41: =A40+1 -> 7 | B41: BSM00007 | C41: Nguyễn Ngọc Lê | H41: 3500000 | U41: =IFERROR(VLOOKUP(C41,$C$9:$U$27,19,0),0) -> 20 | V41: =IFERROR(VLOOKUP(C41,$C$9:$V$27,20,0),0) -> 20 | AA41: =IFERROR(ROUND(H41/V41*U41,0),0) -> 3500000 | AE41: 0 | AM41: =AA41+AF41 -> 3500000 | AW41: =AM41-AO41-AV41-AU41 -> 3500000 | AZ41: =ROUND(AW41-AX41+AY41,0) -> 3500000 | BA41: =AM41+AP41 -> 3500000 | BB41: Lương tăng ngoài dành cho nv chính thức
A42: =A41+1 -> 8 | B42: BSM00008 | C42: Nguyễn Hồng Nhung | H42: 3000000 | U42: =IFERROR(VLOOKUP(C42,$C$9:$U$27,19,0),0) -> 20 | V42: =IFERROR(VLOOKUP(C42,$C$9:$V$27,20,0),0) -> 20 | AA42: =IFERROR(ROUND(H42/V42*U42,0),0) -> 3000000 | AE42: 0 | AM42: =AA42+AF42 -> 3000000 | AW42: =AM42-AO42-AV42-AU42 -> 3000000 | AZ42: =ROUND(AW42-AX42+AY42,0) -> 3000000 | BA42: =AM42+AP42 -> 3000000 | BB42: Lương tăng ngoài dành cho nv chính thức
A43: =A42+1 -> 9 | B43: BSM00016 | C43: Lê Hải Linh | H43: 1000000 | U43: =IFERROR(VLOOKUP(C43,$C$9:$U$27,19,0),0) -> 20 | V43: =IFERROR(VLOOKUP(C43,$C$9:$V$27,20,0),0) -> 20 | AA43: =IFERROR(ROUND(H43/V43*U43,0),0) -> 1000000 | AE43: 0 | AM43: =AA43+AF43 -> 1000000 | AW43: =AM43-AO43-AV43-AU43 -> 1000000 | AZ43: =ROUND(AW43-AX43+AY43,0) -> 1000000 | BA43: =AM43+AP43 -> 1000000 | BB43: Lương tăng ngoài dành cho nv chính thức
A44: =A43+1 -> 10 | B44: BSM00020 | C44: Nguyễn Minh Hiếu | E44: Lập trình viên | H44: 2000000 | U44: =IFERROR(VLOOKUP(C44,$C$9:$U$27,19,0),0) -> 20 | V44: =IFERROR(VLOOKUP(C44,$C$9:$V$27,20,0),0) -> 20 | AA44: =IFERROR(ROUND(H44/V44*U44,0),0) -> 2000000 | AE44: 0 | AM44: =AA44+AF44 -> 2000000 | AW44: =AM44-AO44-AV44-AU44 -> 2000000 | AZ44: =ROUND(AW44-AX44+AY44,0) -> 2000000 | BA44: =AM44+AP44 -> 2000000 | BB44: Lương tăng ngoài dành do chênh lệch 2 NPT
C45: TỔNG | H45: =SUM(H9:H44) -> 86222222 | I45: =SUM(I9:I44) -> 0 | J45: =SUM(J9:J44) -> 92722222 | K45: =SUM(K9:K44) -> 0 | L45: =SUM(L9:L44) -> 0 | M45: =SUM(M9:M44) -> 5.7354247e+08 | N45: =SUM(N9:N44) -> 5.2982025e+08 | O45: =SUM(O9:O44) -> 98800000 | P45: =SUM(P9:P44) -> 307571362 | R45: =SUM(R9:R44) -> 4800000 | S45: =SUM(S9:S44) -> 7500000 | T45: =SUM(T9:T44) -> 8760000 | U45: =SUM(U9:U44) -> 632.5 | V45: =SUM(V9:V44) -> 703 | W45: =SUM(W9:W44) -> 129.5 | X45: =SUM(X9:X44) -> 87 | Y45: =SUM(Y9:Y44) -> 223 | ... BA45: =SUM(BA9:BA44) -> #VALUE! | BB45: =SUM(BB9:BB30) -> 0 | BC45: =SUM(BC9:BC22) -> 0 | BD45: =SUM(BD9:BD22) -> 0 | BE45: =SUM(BE9:BE22) -> 0 | BF45: =SUM(BF9:BF22) -> #REF! | BG45: =SUM(BG9:BG22) -> 0 | BH45: =SUM(BH9:BH22) -> #REF!
M46: #REF! | AP46: =AP45+AO45 -> 30656000 | BB46: =SUM(BA35:BA44) -> 39500000

Sheet Lương 032026_Chốt
A1: Công ty CP BSM LABS | AZ1: 142000
AM2: =AM24-1630000 -> 10370000 | AZ2: 558000 | BL2: Chốt | BP2: 13358652
A3: BẢNG LƯƠNG THÁNG 03/2026 | BL3: Tổng lương thực nhận | BN3: =SUM(AZ9:AZ37) -> -248086000 | BO3: =BN3+BN4 -> 157008213 | BP3: 472375765
A4: THÔNG TIN NHÂN VIÊN | G4: TỔNG LƯƠNG GROSS | U4: NGÀY CÔNG TÍNH LƯƠNG | AA4: LƯƠNG THEO NGÀY CÔNG | AF4: CÁC KHOẢN THU NHẬP/GIẢM TRỪ KHÁC | AM4: TỔNG THU NHẬP (32=17+22+25) | AN4: BHXH | AQ4: THUẾ TNCN | AW4: THỰC LĨNH | BA4: TỔNG CHI PHÍ LƯƠNG, THƯỞNG | BB4: Note | BL4: Tổng chi phí lương, thưởng | BN4: =SUM(BA9:BA37) -> 405094213
A5: STT | B5: Họ và tên | C5: Email | D5: Vị trí | E5: Thuế | F5: Code | G5: CTV/thực tập | I5: Nhân viên thử việc | L5: Tổng lương gross | M5: Nhân viên chính thức | U5: Tổng ngày công | V5: Ngày công chuẩn | W5: Ngày công CTV / thực tập | X5: Ngày công thử việc | Y5: Ngày công chính thức | Z5: Ngày công trước khi điều chỉnh lương | AA5: Tổng lương theo ngày công (16= 17+18+19 | AB5: Lương ngày công CTV / thực tập | AC5: Lương ngày công thử việc | AD5: Lương ngày công chính thức | AE5: Lương ngày công CTV / thực tập trước ĐC | AF5: Các khoản tăng/giảm khác (23=24+25+26+27+28+29+30) | AG5: OT không chịu thuế | AH5: Các khoản bổ sung khác | AI5: Hỗ trợ nhà ở | AJ5: Thưởng (Doanh số, Hiệu quả, Thành tích đặc biệt,…) | AK5: Incentive Power Up / EDU | AL5: Bonus/Lương tháng 13 | AN5: Mức lương đóng BHXH | AO5: BHXH NV đóng (10.5%* lương cơ bản) | AP5: BHXH Công ty đóng (21.5%* lương cơ bản) | AQ5: Tổng số người phụ thuộc | AR5: Giảm trừ bản thân và giảm trừ NPT | AS5: Thu nhập chịu thuế | AT5: Thu nhập tính thuế | AU5: Thuế TNCN | AW5: Tổng thu nhập sau thuế | AX5: Các khoản trừ ngoài lương (-) ( tạm ứng lương, truy thu thuế TNCN…) | AY5: Các khoản cộng ngoài lương (+) ( truy lĩnh thuế TNCN, bù trừ lương tháng ....) | AZ5: LƯƠNG THỰC NHẬN (44=41-42+43 | BK5: Cần chú ý | BQ5: 549869632
G6: Tổng lương CTV / thực tập | H6: Tổng lương CTV / thực tập trước ĐC | I6: Tổng lương thử việc (2=3+4) | J6: Lương thử việc | K6: Hỗ trợ ăn trưa | M6: Tổng lương | N6: Lương cơ bản | O6: Thưởng hiệu suất | P6: Xăng xe | Q6: Hỗ trợ Đồng phục | R6: Hỗ trợ điện thoại | S6: Hỗ trợ ăn trưa | T6: PC ko chịu thuế TNCN | AU6: Thuế 10% | AV6: Thuế lũy tiến | BC6: Công thực tế T01 thiếu | BD6: tăng/giảm khác T01 | BE6: tăng/giảm khác T12 | BF6: PC ko chịu thuế TNCN theo ngày công tte | BG6: Lương tháng 12 | BH6: Công tháng 12 thiếu | BI6: CL lương ( tháng này - tháng trước) | BJ6: Lý do CL lương | BL6: Tài khoản NH | BN6: Số TK | BQ6: =BQ5-BN4 -> 144775419
G7: VND | H7: VND | I7: VND | J7: VND | K7: VND | L7: VND | M7: VND | N7: VND | O7: VND | P7: VND | Q7: VND | R7: VND | S7: VND | T7: VND | U7: Ngày | V7: Ngày | W7: Ngày | X7: Ngày | Y7: Ngày | AA7: VND | AB7: VND | AC7: VND | AD7: VND | AF7: VND | AG7: VND | AH7: VND | AI7: VND | AJ7: VND | AL7: VND | AM7: VND | AN7: VND | AO7: VND | AP7: VND | AQ7: Người | AR7: VNĐ | AS7: VNĐ | AT7: VNĐ | AV7: VNĐ | AW7: VNĐ | AX7: VNĐ | AY7: VNĐ | AZ7: VNĐ | BA7: VNĐ | BC7: Chuẩn 22 ngày | BH7: Chuẩn 23 ngày
G8: 1 | I8: 2 | J8: 3 | K8: 4 | L8: 5 | M8: 5 | N8: 6 | O8: 7 | Q8: 8 | R8: 9 | S8: 10 | U8: 11 | V8: 12 | W8: 13 | X8: 14 | Y8: 15 | AA8: 16 | AB8: 17 | AC8: 18 | AD8: 19 | AF8: 23 | AG8: 24 | AH8: 26 | AI8: 27 | AJ8: 28 | AK8: 29 | AL8: 30 | AM8: 31 | AN8: 32 | AO8: 33 | AP8: 34 | AQ8: 35 | AR8: 36 | AS8: 37 | AT8: 38 | AU8: 39 | AV8: 40 | AW8: 41 | AX8: 42 | AY8: 43 | AZ8: 44 | BA8: 47 | BM8: Số TK Ngân hàng T12 | BN8: Ngân hàng T12 | BO8: Số TK Ngân hàng cũ | BP8: Ngân hàng cũ | BR8: Nhóm lương | BT8: Thực lĩnh gốc | BU8: Incentive
A9: NET | B9: Bùi Văn Điệp | C9: chuaco@congty.cty | D9: CTO | F9: ON | L9: 20000000 | M9: =L9 -> 20000000 | N9: =VLOOKUP(B9,BHXH!$E$7:$F$20,2,0) -> 5310000 | O9: =M9-(N9+P9+Q9+R9+S9) -> 12060000 | P9: 500000 | Q9: 400000 | R9: 1000000 | S9: 730000 | T9: =SUM(Q9:S9) -> 2130000 | U9: =SUM(W9:Y9) -> 22 | V9: 22 | Y9: =VLOOKUP(B9, 'Thưởng hiệu suất'!$B:$D,3,0) -> 22 | AA9: =SUM(AB9:AD9) -> 20000000 | AB9: =ROUND($G9/V9*W9,0) -> 0 | AC9: =ROUND(I9/V9*X9,0) -> 0 | AD9: =ROUND($M9/V9*Y9,0) -> 20000000 | AF9: =SUM(AG9:AL9) -> 0 | AG9: =SUMIF('Tổng hợp OT'!B:B,B9,'Tổng hợp OT'!D:D) -> 0 | AJ9: =-VLOOKUP(B9,'Thưởng hiệu suất'!$B$3:$D$36,2,0) -> 0 | AM9: =AA9+AF9 -> 20000000 | AN9: =VLOOKUP(B9,BHXH!$E$7:$F$17,2,0) -> 5310000 | AO9: =$AN9*10.5% -> 557550 | AP9: =$AN9*21.5% -> 1141650 | AQ9: 3 | AR9: =IF($E9=10%,0,(AQ9*6200000+15500000)) -> 34100000 | AS9: =AM9-(Q9+R9+S9)/V9*U9-AG9 -> 17870000 | AT9: =ROUND(IF((AS9-AR9-AO9)<0,0,(AS9-AR9-AO9)),0) -> 0 | AV9: =IF(AT9<=0,0,IF(AT9<=10000000,AT9*5%,IF(AT9<=30000000,AT9*10%-500000,IF(AT9<=60000000,AT9*20%-3500000,IF(AT9<=100000000,AT9*30%-9500000,AT9*35%-14500000))))) -> 0 | AW9: =ROUND((AM9-AO9-AV9-AU9),-3) -> 19442000 | AX9: 55000000 | AZ9: =ROUND(AW9-AX9+AY9,0) -> -35558000 | BA9: =AM9+AP9 -> 21141650 | BC9: =(U9-V9) -> 0 | BD9: =AF9 -> 0 | BE9: 0 | BF9: =T9 -> 2130000 | BG9: 55000000 | BH9: 0 | BI9: =AW9-BG9 -> -35558000 | BK9: Bùi Văn Điệp | BL9: BUI VAN DIEP | BM9: 0945661904 | BN9: VIET NAM THINH VUONG (VPBANK)-309 | BO9: 11520619487015 | BP9: TCB | BQ9: Bùi Văn Điệp | BR9: NET | BS9: Bùi Văn Điệp | BW9: 57475000 | BX9: =L9-BW9 -> -37475000
A10: NET | B10: Nguyễn Ngọc Anh | C10: ssinz7.zenme@gmail.com | D10: Lập trình viên | F10: ON | L10: =L9-1000000 -> 19000000 | M10: =L10 -> 19000000 | N10: =VLOOKUP(B10,BHXH!$E$7:$F$20,2,0) -> 5310000 | O10: =M10-(N10+P10+Q10+R10+S10) -> 11310000 | P10: 250000 | Q10: 400000 | R10: 1000000 | S10: 730000 | T10: =SUM(Q10:S10) -> 2130000 | U10: =SUM(W10:Y10) -> 22 | V10: 22 | Y10: =VLOOKUP(B10, 'Thưởng hiệu suất'!$B:$D,3,0) -> 22 | AA10: =SUM(AB10:AD10) -> 19000000 | AB10: =ROUND($G10/V10*W10,0) -> 0 | AC10: =ROUND(I10/V10*X10,0) -> 0 | AD10: =ROUND($M10/V10*Y10,0) -> 19000000 | AF10: =SUM(AG10:AL10) -> 0 | AG10: =SUMIF('Tổng hợp OT'!B:B,B10,'Tổng hợp OT'!D:D) -> 0 | AJ10: =-VLOOKUP(B10,'Thưởng hiệu suất'!$B$3:$D$36,2,0) -> 0 | AM10: =AA10+AF10 -> 19000000 | AN10: =VLOOKUP(B10,BHXH!$E$7:$F$17,2,0) -> 5310000 | AO10: =$AN10*10.5% -> 557550 | AP10: =$AN10*21.5% -> 1141650 | AQ10: 0 | AR10: =IF($E10=10%,0,(AQ10*6200000+15500000)) -> 15500000 | AS10: =AM10-(Q10+R10+S10)/V10*U10-AG10 -> 16870000 | AT10: =ROUND(IF((AS10-AR10-AO10)<0,0,(AS10-AR10-AO10)),0) -> 812450 | AV10: =IF(AT10<=0,0,IF(AT10<=10000000,AT10*5%,IF(AT10<=30000000,AT10*10%-500000,IF(AT10<=60000000,AT10*20%-3500000,IF(AT10<=100000000,AT10*30%-9500000,AT10*35%-14500000))))) -> 40622.5 | AW10: =ROUND((AM10-AO10-AV10-AU10),-3) -> 18402000 | AX10: 38000000 | AZ10: =ROUND(AW10-AX10+AY10,0) -> -19598000 | BA10: =AM10+AP10 -> 20141650 | BC10: =(U10-V10) -> 0 | BD10: =AF10 -> 0 | BE10: 0 | BF10: =T10 -> 2130000 | BG10: 38000000 | BH10: 0 | BI10: =AW10-BG10 -> -19598000 | BK10: Nguyễn Ngọc Anh | BL10: NGUYEN NGOC ANH | BM10: 19034415575011 | BN10: TCB | BO10: 19034415575011 | BP10: TCB | BQ10: Nguyễn Ngọc Anh | BR10: NET | BS10: Nguyễn Ngọc Anh | BW10: 40265328 | BX10: =L10-BW10 -> -21265328
A11: NET | B11: Lê Hải Linh | C11: linhlh.zenme@gmail.com | D11: NV Marketing | F11: ON | L11: =L10-1000000 -> 18000000 | M11: =L11 -> 18000000 | N11: =VLOOKUP(B11,BHXH!$E$7:$F$20,2,0) -> 5310000 | O11: =M11-(N11+P11+Q11+R11+S11) -> 10810000 | P11: 250000 | Q11: 400000 | R11: 500000 | S11: 730000 | T11: =SUM(Q11:S11) -> 1630000 | U11: =SUM(W11:Y11) -> 10 | V11: 22 | Y11: =VLOOKUP(B11, 'Thưởng hiệu suất'!$B:$D,3,0) -> 10 | AA11: =SUM(AB11:AD11) -> 8181818 | AB11: =ROUND($G11/V11*W11,0) -> 0 | AC11: =ROUND(I11/V11*X11,0) -> 0 | AD11: =ROUND($M11/V11*Y11,0) -> 8181818 | AF11: =SUM(AG11:AL11) -> -225000 | AG11: =SUMIF('Tổng hợp OT'!B:B,B11,'Tổng hợp OT'!D:D) -> 0 | AJ11: =-VLOOKUP(B11,'Thưởng hiệu suất'!$B$3:$D$36,2,0) -> -225000 | AM11: =AA11+AF11 -> 7956818 | AN11: =VLOOKUP(B11,BHXH!$E$7:$F$17,2,0) -> 5310000 | AO11: =$AN11*10.5% -> 557550 | AP11: =$AN11*21.5% -> 1141650 | AQ11: 0 | AR11: =IF($E11=10%,0,(AQ11*6200000+15500000)) -> 15500000 | AS11: =AM11-(Q11+R11+S11)/V11*U11-AG11 -> 7215908.9 | AT11: =ROUND(IF((AS11-AR11-AO11)<0,0,(AS11-AR11-AO11)),0) -> 0 | AV11: =IF(AT11<=0,0,IF(AT11<=10000000,AT11*5%,IF(AT11<=30000000,AT11*10%-500000,IF(AT11<=60000000,AT11*20%-3500000,IF(AT11<=100000000,AT11*30%-9500000,AT11*35%-14500000))))) -> 0 | AW11: =ROUND((AM11-AO11-AV11-AU11),-3) -> 7399000 | AZ11: =ROUND(AW11-AX11+AY11,0) -> 7399000 | BA11: =AM11+AP11 -> 9098468 | BC11: =(U11-V11) -> -12 | BD11: =AF11 -> -225000 | BE11: -450000 | BF11: =T11 -> 1630000 | BG11: 23710000 | BH11: 0 | BI11: =AW11-BG11 -> -16311000 | BJ11: T3 chỉ có 8 ngày công | BK11: Lê Hải Linh | BL11: LE HAI LINH | BM11: 222638429 | BN11: VIET NAM THINH VUONG (VPBANK)-309 | BO11: 222638429 | BP11: VIET NAM THINH VUONG (VPBANK)-309 | BQ11: Lê Hải Linh | BR11: GROSS | BS11: Lê Hải Linh | BW11: 24913866 | BX11: =L11-BW11 -> -6913865.8
A12: NET | B12: Thái Thanh Nhật Quang | C12: Henry@bsmlabs.io | D12: CEO | F12: ON | L12: =L11-1000000 -> 17000000 | M12: =L12 -> 17000000 | N12: =VLOOKUP(B12,BHXH!$E$7:$F$20,2,0) -> 5310000 | O12: =M12-(N12+P12+Q12+R12+S12) -> 9310000 | P12: 250000 | Q12: 400000 | R12: 1000000 | S12: 730000 | T12: =SUM(Q12:S12) -> 2130000 | U12: =SUM(W12:Y12) -> 22 | V12: 22 | Y12: =VLOOKUP(B12, 'Thưởng hiệu suất'!$B:$D,3,0) -> 22 | AA12: =SUM(AB12:AD12) -> 17000000 | AB12: =ROUND($G12/V12*W12,0) -> 0 | AC12: =ROUND(I12/V12*X12,0) -> 0 | AD12: =ROUND($M12/V12*Y12,0) -> 17000000 | AF12: =SUM(AG12:AL12) -> 0 | AG12: =SUMIF('Tổng hợp OT'!B:B,B12,'Tổng hợp OT'!D:D) -> 0 | AJ12: =-VLOOKUP(B12,'Thưởng hiệu suất'!$B$3:$D$36,2,0) -> 0 | AM12: =AA12+AF12 -> 17000000 | AN12: =VLOOKUP(B12,BHXH!$E$7:$F$17,2,0) -> 5310000 | AO12: =$AN12*10.5% -> 557550 | AP12: =$AN12*21.5% -> 1141650 | AQ12: 2 | AR12: =IF($E12=10%,0,(AQ12*6200000+15500000)) -> 27900000 | AS12: =AM12-(Q12+R12+S12)/V12*U12-AG12 -> 14870000 | AT12: =ROUND(IF((AS12-AR12-AO12)<0,0,(AS12-AR12-AO12)),0) -> 0 | AV12: =IF(AT12<=0,0,IF(AT12<=10000000,AT12*5%,IF(AT12<=30000000,AT12*10%-500000,IF(AT12<=60000000,AT12*20%-3500000,IF(AT12<=100000000,AT12*30%-9500000,AT12*35%-14500000))))) -> 0 | AW12: =ROUND((AM12-AO12-AV12-AU12),-3) -> 16442000 | AX12: 80000000 | AZ12: =ROUND(AW12-AX12+AY12,0) -> -63558000 | BA12: =AM12+AP12 -> 18141650 | BC12: =(U12-V12) -> 0 | BD12: =AF12 -> 0 | BE12: 0 | BF12: =T12 -> 2130000 | BG12: 80000000 | BH12: 0 | BI12: =AW12-BG12 -> -63558000 | BK12: Thái Thanh Nhật Quang | BL12: THAI THANH NHAT QUANG | BM12: 19037989444011 | BN12: TCB | BO12: 19037989444011 | BP12: TCB | BQ12: Thái Thanh Nhật Quang | BR12: NET | BS12: Thái Thanh Nhật Quang | BW12: 90217500 | BX12: =L12-BW12 -> -73217500
A13: 5 | B13: Trần Minh Tuyết | C13: tuyet.tranminh1973@gmail.com | D13: KTT | F13: ON | L13: =L12-1000000 -> 16000000 | M13: =L13 -> 16000000 | N13: =VLOOKUP(B13,BHXH!$E$7:$F$20,2,0) -> 5310000 | O13: =M13-(N13+P13+Q13+R13+S13) -> 8810000 | P13: 250000 | Q13: 400000 | R13: 500000 | S13: 730000 | T13: =SUM(Q13:S13) -> 1630000 | U13: =SUM(W13:Y13) -> 22 | V13: 22 | Y13: =VLOOKUP(B13, 'Thưởng hiệu suất'!$B:$D,3,0) -> 22 | AA13: =SUM(AB13:AD13) -> 16000000 | AB13: =ROUND($G13/V13*W13,0) -> 0 | AC13: =ROUND(I13/V13*X13,0) -> 0 | AD13: =ROUND($M13/V13*Y13,0) -> 16000000 | AF13: =SUM(AG13:AL13) -> 0 | AG13: =SUMIF('Tổng hợp OT'!B:B,B13,'Tổng hợp OT'!D:D) -> 0 | AJ13: =-VLOOKUP(B13,'Thưởng hiệu suất'!$B$3:$D$36,2,0) -> 0 | AM13: =AA13+AF13 -> 16000000 | AN13: =VLOOKUP(B13,BHXH!$E$7:$F$17,2,0) -> 5310000 | AO13: =$AN13*10.5% -> 557550 | AP13: =$AN13*21.5% -> 1141650 | AQ13: 0 | AR13: =IF($E13=10%,0,(AQ13*6200000+15500000)) -> 15500000 | AS13: =AM13-(Q13+R13+S13)/V13*U13-AG13 -> 14370000 | AT13: =ROUND(IF((AS13-AR13-AO13)<0,0,(AS13-AR13-AO13)),0) -> 0 | AV13: =IF(AT13<=0,0,IF(AT13<=10000000,AT13*5%,IF(AT13<=30000000,AT13*10%-500000,IF(AT13<=60000000,AT13*20%-3500000,IF(AT13<=100000000,AT13*30%-9500000,AT13*35%-14500000))))) -> 0 | AW13: =ROUND((AM13-AO13-AV13-AU13),-3) -> 15442000 | AX13: 13055000 | AZ13: =ROUND(AW13-AX13+AY13,0) -> 2387000 | BA13: =AM13+AP13 -> 17141650 | BC13: =(U13-V13) -> 0 | BD13: =AF13 -> 0 | BE13: 0 | BF13: =T13 -> 1630000 | BG13: 12830000 | BH13: 0 | BI13: =AW13-BG13 -> 2612000 | BJ13: CL đi muộn | BK13: Trần Minh Tuyết | BL13: TRAN MINH TUYET | BM13: 0983280899 | BN13: QUAN DOI (MB)-311 | BO13: 0983280899 | BP13: QUAN DOI (MB)-311 | BQ13: Trần Minh Tuyết | BR13: GROSS | BS13: Trần Minh Tuyết | BW13: 14000000 | BX13: =L13-BW13 -> 2000000
A14: =A13+1 -> 6 | B14: Nguyễn Hữu Tuấn Minh | C14: tuanminh811.work@gmail.com | D14: Lập trình viên | F14: ON | L14: =L13-1000000 -> 15000000 | M14: =L14 -> 15000000 | N14: =VLOOKUP(B14,BHXH!$E$7:$F$20,2,0) -> 5310000 | O14: =M14-(N14+P14+Q14+R14+S14) -> 7810000 | P14: 250000 | Q14: 400000 | R14: 500000 | S14: 730000 | T14: =SUM(Q14:S14) -> 1630000 | U14: =SUM(W14:Y14) -> 22 | V14: 22 | Y14: =VLOOKUP(B14, 'Thưởng hiệu suất'!$B:$D,3,0) -> 22 | AA14: =SUM(AB14:AD14) -> 15000000 | AB14: =ROUND($G14/V14*W14,0) -> 0 | AC14: =ROUND(I14/V14*X14,0) -> 0 | AD14: =ROUND($M14/V14*Y14,0) -> 15000000 | AF14: =SUM(AG14:AL14) -> -450000 | AG14: =SUMIF('Tổng hợp OT'!B:B,B14,'Tổng hợp OT'!D:D) -> 0 | AJ14: =-VLOOKUP(B14,'Thưởng hiệu suất'!$B$3:$D$36,2,0) -> -450000 | AM14: =AA14+AF14 -> 14550000 | AN14: =VLOOKUP(B14,BHXH!$E$7:$F$17,2,0) -> 5310000 | AO14: =$AN14*10.5% -> 557550 | AP14: =$AN14*21.5% -> 1141650 | AQ14: 0 | AR14: =IF($E14=10%,0,(AQ14*6200000+15500000)) -> 15500000 | AS14: =AM14-(Q14+R14+S14)/V14*U14-AG14 -> 12920000 | AT14: =ROUND(IF((AS14-AR14-AO14)<0,0,(AS14-AR14-AO14)),0) -> 0 | AV14: =IF(AT14<=0,0,IF(AT14<=10000000,AT14*5%,IF(AT14<=30000000,AT14*10%-500000,IF(AT14<=60000000,AT14*20%-3500000,IF(AT14<=100000000,AT14*30%-9500000,AT14*35%-14500000))))) -> 0 | AW14: =ROUND((AM14-AO14-AV14-AU14),-3) -> 13992000 | AX14: 15992000 | AZ14: =ROUND(AW14-AX14+AY14,0) -> -2000000 | BA14: =AM14+AP14 -> 15691650 | BC14: =(U14-V14) -> 0 | BD14: =AF14 -> -450000 | BE14: 450500 | BF14: =T14 -> 1630000 | BG14: 16067000 | BH14: 0 | BI14: =AW14-BG14 -> -2075000 | BJ14: CL đi muộn | BK14: Nguyễn Hữu Tuấn Minh | BL14: NGUYEN HUU TUAN MINH | BM14: 081120026868 | BN14: VIET NAM THINH VUONG (VPBANK)-309 | BO14: 0081120026868 | BP14: QUAN DOI (MB)-311 | BQ14: Nguyễn Hữu Tuấn Minh | BR14: GROSS | BS14: Nguyễn Hữu Tuấn Minh | BT14: 15415000 | BU14: 1500000 | BV14: =AW14-BT14-BU14 -> -2923000 | BW14: 17000000 | BX14: =L14-BW14 -> -2000000
A15: NET | B15: Đỗ Khánh Huyền | C15: huyendk.bsmlabs@gmail.com | D15: Executive Assistant | F15: ON | L15: =L14-1000000 -> 14000000 | M15: =L15 -> 14000000 | N15: =VLOOKUP(B15,BHXH!$E$7:$F$20,2,0) -> 5310000 | O15: =M15-(N15+P15+Q15+R15+S15) -> 6810000 | P15: 250000 | Q15: 400000 | R15: 500000 | S15: 730000 | T15: =SUM(Q15:S15) -> 1630000 | U15: =SUM(W15:Y15) -> 22 | V15: 22 | Y15: =VLOOKUP(B15, 'Thưởng hiệu suất'!$B:$D,3,0) -> 22 | AA15: =SUM(AB15:AD15) -> 14000000 | AB15: =ROUND($G15/V15*W15,0) -> 0 | AC15: =ROUND(I15/V15*X15,0) -> 0 | AD15: =ROUND($M15/V15*Y15,0) -> 14000000 | AF15: =SUM(AG15:AL15) -> -50000 | AG15: =SUMIF('Tổng hợp OT'!B:B,B15,'Tổng hợp OT'!D:D) -> 0 | AJ15: =-VLOOKUP(B15,'Thưởng hiệu suất'!$B$3:$D$36,2,0) -> -50000 | AM15: =AA15+AF15 -> 13950000 | AN15: =VLOOKUP(B15,BHXH!$E$7:$F$17,2,0) -> 5310000 | AO15: =$AN15*10.5% -> 557550 | AP15: =$AN15*21.5% -> 1141650 | AQ15: 0 | AR15: =IF($E15=10%,0,(AQ15*6200000+15500000)) -> 15500000 | AS15: =AM15-(Q15+R15+S15)/V15*U15-AG15 -> 12320000 | AT15: =ROUND(IF((AS15-AR15-AO15)<0,0,(AS15-AR15-AO15)),0) -> 0 | AU15: 0 | AV15: =IF(AT15<=0,0,IF(AT15<=10000000,AT15*5%,IF(AT15<=30000000,AT15*10%-500000,IF(AT15<=60000000,AT15*20%-3500000,IF(AT15<=100000000,AT15*30%-9500000,AT15*35%-14500000))))) -> 0 | AW15: =ROUND((AM15-AO15-AV15-AU15),-3) -> 13392000 | AZ15: =ROUND(AW15-AX15+AY15,0) -> 13392000 | BA15: =AM15+AP15 -> 15091650 | BC15: =(U15-V15) -> 0 | BD15: =AF15 -> -50000 | BE15: 0 | BF15: =T15 -> 1630000 | BG15: 30000000 | BH15: 0 | BI15: =AW15-BG15 -> -16608000 | BK15: Đỗ Khánh Huyền | BL15: DO KHANH HUYEN | BM15: 477398871 | BN15: VIET NAM THINH VUONG (VPBANK)-309 | BO15: 019121870 | BP15: QUOC TE (VIB)-314 | BQ15: Đỗ Khánh Huyền | BR15: NET | BS15: Đỗ Khánh Huyền | BW15: 31431994 | BX15: =L15-BW15 -> -17431994
A16: 8 | B16: Nguyễn Tử Trường Lâm | C16: Lamntt.bsmlabs@gmail.com | D16: Video Editor | F16: ON | L16: =L15-1000000 -> 13000000 | M16: =L16 -> 13000000 | N16: =VLOOKUP(B16,BHXH!$E$7:$F$20,2,0) -> 5310000 | O16: =M16-(N16+P16+Q16+R16+S16) -> 5810000 | P16: 250000 | Q16: 400000 | R16: 500000 | S16: 730000 | T16: =SUM(Q16:S16) -> 1630000 | U16: =SUM(W16:Y16) -> 22 | V16: 22 | Y16: =VLOOKUP(B16, 'Thưởng hiệu suất'!$B:$D,3,0) -> 22 | AA16: =SUM(AB16:AD16) -> 13000000 | AB16: =ROUND($G16/V16*W16,0) -> 0 | AC16: =ROUND(I16/V16*X16,0) -> 0 | AD16: =ROUND($M16/V16*Y16,0) -> 13000000 | AF16: =SUM(AG16:AL16) -> 0 | AG16: =SUMIF('Tổng hợp OT'!B:B,B16,'Tổng hợp OT'!D:D) -> 0 | AJ16: =-VLOOKUP(B16,'Thưởng hiệu suất'!$B$3:$D$36,2,0) -> 0 | AM16: =AA16+AF16 -> 13000000 | AN16: =VLOOKUP(B16,BHXH!$E$7:$F$17,2,0) -> 5310000 | AO16: =$AN16*10.5% -> 557550 | AP16: =$AN16*21.5% -> 1141650 | AQ16: 0 | AR16: =IF($E16=10%,0,(AQ16*6200000+15500000)) -> 15500000 | AS16: =AM16-(Q16+R16+S16)/V16*U16-AG16 -> 11370000 | AT16: =ROUND(IF((AS16-AR16-AO16)<0,0,(AS16-AR16-AO16)),0) -> 0 | AU16: 0 | AV16: =IF(AT16<=0,0,IF(AT16<=10000000,AT16*5%,IF(AT16<=30000000,AT16*10%-500000,IF(AT16<=60000000,AT16*20%-3500000,IF(AT16<=100000000,AT16*30%-9500000,AT16*35%-14500000))))) -> 0 | AW16: =ROUND((AM16-AO16-AV16-AU16),-3) -> 12442000 | AX16: 16092000 | AY16: 150000 | AZ16: =ROUND(AW16-AX16+AY16,0) -> -3500000 | BA16: =AM16+AP16 -> 14141650 | BC16: =(U16-V16) -> 0 | BD16: =AF16 -> 0 | BE16: 1055000 | BF16: =T16 -> 1630000 | BG16: 14892000 | BH16: 0 | BI16: =AW16-BG16 -> -2450000 | BJ16: T2 thiếu 1 ngày công, đã BX | BK16: Nguyễn Tử Trường Lâm | BL16: NGUYEN TU TRUONG LAM | BM16: 104229093 | BN16: VIET NAM THINH VUONG (VPBANK)-309 | BO16: 104229093 | BP16: VIET NAM THINH VUONG (VPBANK)-309 | BQ16: Nguyễn Tử Trường Lâm | BR16: GROSS | BS16: Nguyễn Tử Trường Lâm | BW16: 16500000 | BX16: =L16-BW16 -> -3500000
A17: =A16+1 -> 9 | B17: Nguyễn Song Hà | C17: songha@bsmlabs.io | D17: Visual Art Director | F17: ON | L17: 12000000 | M17: =L17 -> 12000000 | N17: =VLOOKUP(B17,BHXH!$E$7:$F$20,2,0) -> 5310000 | O17: =M17-(N17+P17+Q17+R17+S17) -> 4060000 | P17: 500000 | Q17: 400000 | R17: 1000000 | S17: 730000 | T17: =SUM(Q17:S17) -> 2130000 | U17: =SUM(W17:Y17) -> 22 | V17: 22 | Y17: =VLOOKUP(B17, 'Thưởng hiệu suất'!$B:$D,3,0) -> 22 | AA17: =SUM(AB17:AD17) -> 12000000 | AB17: =ROUND($G17/V17*W17,0) -> 0 | AC17: =ROUND(I17/V17*X17,0) -> 0 | AD17: =ROUND($M17/V17*Y17,0) -> 12000000 | AF17: =SUM(AG17:AL17) -> 0 | AG17: =SUMIF('Tổng hợp OT'!B:B,B17,'Tổng hợp OT'!D:D) -> 0 | AJ17: =-VLOOKUP(B17,'Thưởng hiệu suất'!$B$3:$D$36,2,0) -> 0 | AM17: =AA17+AF17 -> 12000000 | AN17: =VLOOKUP(B17,BHXH!$E$7:$F$17,2,0) -> 5310000 | AO17: =$AN17*10.5% -> 557550 | AP17: =$AN17*21.5% -> 1141650 | AQ17: 0 | AR17: =IF($E17=10%,0,(AQ17*6200000+15500000)) -> 15500000 | AS17: =AM17-(Q17+R17+S17)/V17*U17-AG17 -> 9870000 | AT17: =ROUND(IF((AS17-AR17-AO17)<0,0,(AS17-AR17-AO17)),0) -> 0 | AU17: 0 | AV17: =IF(AT17<=0,0,IF(AT17<=10000000,AT17*5%,IF(AT17<=30000000,AT17*10%-500000,IF(AT17<=60000000,AT17*20%-3500000,IF(AT17<=100000000,AT17*30%-9500000,AT17*35%-14500000))))) -> 0 | AW17: =ROUND((AM17-AO17-AV17-AU17),-3) -> 11442000 | AX17: 43713000 | AZ17: =ROUND(AW17-AX17+AY17,0) -> -32271000 | BA17: =AM17+AP17 -> 13141650 | BC17: =(U17-V17) -> 0 | BD17: =AF17 -> 0 | BE17: 0 | BF17: =T17 -> 2130000 | BG17: 43713000 | BH17: 0 | BI17: =AW17-BG17 -> -32271000 | BK17: Nguyễn Song Hà | BL17: NGUYEN SONG HA | BM17: 477370012 | BN17: VIET NAM THINH VUONG (VPBANK)-309 | BO17: 19020074352016 | BP17: TCB | BQ17: Nguyễn Song Hà | BR17: GROSS | BS17: Nguyễn Song Hà | BW17: 47000000 | BX17: =L17-BW17 -> -35000000
A18: NET | B18: Phạm Đăng Bình | C18: binhpham.bsmlabs@gmail.com | D18: Video Editor | F18: ON | L18: 12000000 | M18: =L18 -> 12000000 | N18: =VLOOKUP(B18,BHXH!$E$7:$F$20,2,0) -> 5310000 | O18: =M18-(N18+P18+Q18+R18+S18) -> 4810000 | P18: 250000 | Q18: 400000 | R18: 500000 | S18: 730000 | T18: =SUM(Q18:S18) -> 1630000 | U18: =SUM(W18:Y18) -> 22 | V18: 22 | Y18: =VLOOKUP(B18, 'Thưởng hiệu suất'!$B:$D,3,0) -> 22 | AA18: =SUM(AB18:AD18) -> 12000000 | AB18: =ROUND($G18/V18*W18,0) -> 0 | AC18: =ROUND(I18/V18*X18,0) -> 0 | AD18: =ROUND($M18/V18*Y18,0) -> 12000000 | AF18: =SUM(AG18:AL18) -> 0 | AG18: =SUMIF('Tổng hợp OT'!B:B,B18,'Tổng hợp OT'!D:D) -> 0 | AJ18: =-VLOOKUP(B18,'Thưởng hiệu suất'!$B$3:$D$36,2,0) -> 0 | AM18: =AA18+AF18 -> 12000000 | AN18: =VLOOKUP(B18,BHXH!$E$7:$F$17,2,0) -> 5310000 | AO18: =$AN18*10.5% -> 557550 | AP18: =$AN18*21.5% -> 1141650 | AQ18: 1 | AR18: =IF($E18=10%,0,(AQ18*6200000+15500000)) -> 21700000 | AS18: =AM18-(Q18+R18+S18)/V18*U18-AG18 -> 10370000 | AT18: =ROUND(IF((AS18-AR18-AO18)<0,0,(AS18-AR18-AO18)),0) -> 0 | AU18: 0 | AV18: =IF(AT18<=0,0,IF(AT18<=10000000,AT18*5%,IF(AT18<=30000000,AT18*10%-500000,IF(AT18<=60000000,AT18*20%-3500000,IF(AT18<=100000000,AT18*30%-9500000,AT18*35%-14500000))))) -> 0 | AW18: =ROUND((AM18-AO18-AV18-AU18),-3) -> 11442000 | AX18: 17000000 | AZ18: =ROUND(AW18-AX18+AY18,0) -> -5558000 | BA18: =AM18+AP18 -> 13141650 | BC18: =(U18-V18) -> 0 | BD18: =AF18 -> 0 | BE18: -75000 | BF18: =T18 -> 1630000 | BG18: 17000000 | BH18: 0 | BI18: =AW18-BG18 -> -5558000 | BK18: Phạm Đăng Bình | BL18: PHAM DANG BINH | BM18: 19027455280016 | BN18: TCB | BO18: 19027455280016 | BP18: TCB | BQ18: Phạm Đăng Bình | BR18: NET | BS18: Phạm Đăng Bình | BW18: 17557550 | BX18: =L18-BW18 -> -5557550
A19: 11 | B19: Nguyễn Thị Kim Phượng | C19: phuong.nguyen@bsmlabs.io | D19: L&D Business Partner | F19: ON | L19: 12000000 | M19: =L19 -> 12000000 | N19: =VLOOKUP(B19,BHXH!$E$7:$F$20,2,0) -> 5310000 | O19: =M19-(N19+P19+Q19+R19+S19) -> 4810000 | P19: 250000 | Q19: 400000 | R19: 500000 | S19: 730000 | T19: =SUM(Q19:S19) -> 1630000 | U19: =SUM(W19:Y19) -> 22 | V19: 22 | Y19: =VLOOKUP(B19, 'Thưởng hiệu suất'!$B:$D,3,0) -> 22 | AA19: =SUM(AB19:AD19) -> 12000000 | AB19: =ROUND($G19/V19*W19,0) -> 0 | AC19: =ROUND(I19/V19*X19,0) -> 0 | AD19: =ROUND($M19/V19*Y19,0) -> 12000000 | AF19: =SUM(AG19:AL19) -> 0 | AG19: =SUMIF('Tổng hợp OT'!B:B,B19,'Tổng hợp OT'!D:D) -> 0 | AJ19: =-VLOOKUP(B19,'Thưởng hiệu suất'!$B$3:$D$36,2,0) -> 0 | AM19: =AA19+AF19 -> 12000000 | AN19: =VLOOKUP(B19,BHXH!$E$7:$F$17,2,0) -> 5310000 | AO19: =$AN19*10.5% -> 557550 | AP19: =$AN19*21.5% -> 1141650 | AQ19: 1 | AR19: =IF($E19=10%,0,(AQ19*6200000+15500000)) -> 21700000 | AS19: =AM19-(Q19+R19+S19)/V19*U19-AG19 -> 10370000 | AT19: =ROUND(IF((AS19-AR19-AO19)<0,0,(AS19-AR19-AO19)),0) -> 0 | AU19: 0 | AV19: =IF(AT19<=0,0,IF(AT19<=10000000,AT19*5%,IF(AT19<=30000000,AT19*10%-500000,IF(AT19<=60000000,AT19*20%-3500000,IF(AT19<=100000000,AT19*30%-9500000,AT19*35%-14500000))))) -> 0 | AW19: =ROUND((AM19-AO19-AV19-AU19),-3) -> 11442000 | AX19: 33483000 | AZ19: =ROUND(AW19-AX19+AY19,0) -> -22041000 | BA19: =AM19+AP19 -> 13141650 | BC19: =(U19-V19) -> 0 | BD19: =AF19 -> 0 | BE19: 0 | BF19: =T19 -> 1630000 | BG19: 40514000 | BH19: 0 | BI19: =AW19-BG19 -> -29072000 | BJ19: Tăng lương | BK19: Nguyễn Thị Kim Phượng | BL19: NGUYEN THI KIM PHUONG | BM19: 19033966641017 | BN19: TCB | BO19: 19033966641017 | BP19: TCB | BQ19: Nguyễn Thị Kim Phượng | BR19: GROSS | BS19: Nguyễn Thị Kim Phượng | BW19: 27500000 | BX19: =L19-BW19 -> -15500000
A20: =A19+1 -> 12 | B20: Nguyễn Xuân Phong | C20: phongnx.bsmlabs@gmail.com | D20: Dev Intern | F20: ON | L20: 12000000 | M20: =L20 -> 12000000 | N20: =VLOOKUP(B20,BHXH!$E$7:$F$20,2,0) -> 5310000 | O20: =M20-(N20+P20+Q20+R20+S20) -> 4810000 | P20: 250000 | Q20: 400000 | R20: 500000 | S20: 730000 | T20: =SUM(Q20:S20) -> 1630000 | U20: =SUM(W20:Y20) -> 22 | V20: 22 | Y20: =VLOOKUP(B20, 'Thưởng hiệu suất'!$B:$D,3,0) -> 22 | AA20: =SUM(AB20:AD20) -> 12000000 | AB20: =ROUND($G20/V20*W20,0) -> 0 | AC20: =ROUND(I20/V20*X20,0) -> 0 | AD20: =ROUND($M20/V20*Y20,0) -> 12000000 | AF20: =SUM(AG20:AL20) -> 0 | AG20: =SUMIF('Tổng hợp OT'!B:B,B20,'Tổng hợp OT'!D:D) -> 0 | AJ20: =-VLOOKUP(B20,'Thưởng hiệu suất'!$B$3:$D$36,2,0) -> 0 | AM20: =AA20+AF20 -> 12000000 | AN20: =VLOOKUP(B20,BHXH!$E$7:$F$18,2,0) -> 5310000 | AO20: =$AN20*10.5% -> 557550 | AP20: =$AN20*21.5% -> 1141650 | AR20: =IF($E20=10%,0,(AQ20*6200000+15500000)) -> 15500000 | AS20: =AM20-(Q20+R20+S20)/V20*U20-AG20 -> 10370000 | AT20: =ROUND(IF((AS20-AR20-AO20)<0,0,(AS20-AR20-AO20)),0) -> 0 | AU20: =IF(AT20<2000000,0,(AT20*10%)) -> 0 | AV20: =IF(AT20<=0,0,IF(AT20<=10000000,AT20*5%,IF(AT20<=30000000,AT20*10%-500000,IF(AT20<=60000000,AT20*20%-3500000,IF(AT20<=100000000,AT20*30%-9500000,AT20*35%-14500000))))) -> 0 | AW20: =ROUND((AM20-AO20-AV20-AU20),-3) -> 11442000 | AX20: 13442000 | AZ20: =ROUND(AW20-AX20+AY20,0) -> -2000000 | BA20: =AM20+AP20 -> 13141650 | BC20: =(U20-V20) -> 0 | BD20: =AF20 -> 0 | BE20: 925500 | BF20: =T20 -> 1630000 | BG20: 12517000 | BH20: 0 | BI20: =AW20-BG20 -> -1075000 | BJ20: CL đi muộn , ngày công thực tế | BK20: Nguyễn Xuân Phong | BL20: NGUYEN XUAN PHONG | BM20: 1013262796 | BN20: NGOAI THUONG VN (VCB)-203 | BO20: 1013262796 | BP20: NGOAI THUONG VN (VCB)-203 | BQ20: Nguyễn Xuân Phong | BR20: NET | BS20: Nguyễn Xuân Phong | BT20: 13390000 | BU20: 1000000 | BV20: =AW20-BT20-BU20 -> -2948000 | BW20: 14000000 | BX20: =L20-BW20 -> -2000000
A21: NET | B21: Phạm Thu Thủy | C21: 45758 | D21: BD | F21: ON | L21: 12000000 | M21: =L21 -> 12000000 | N21: =VLOOKUP(B21,BHXH!$E$7:$F$20,2,0) -> 5310000 | O21: =M21-(N21+P21+Q21+R21+S21) -> 4810000 | P21: 250000 | Q21: 400000 | R21: 500000 | S21: 730000 | T21: =SUM(Q21:S21) -> 1630000 | U21: =SUM(W21:Y21) -> 22 | V21: 22 | Y21: =VLOOKUP(B21, 'Thưởng hiệu suất'!$B:$D,3,0) -> 22 | AA21: =SUM(AB21:AD21) -> 12000000 | AB21: =ROUND($G21/V21*W21,0) -> 0 | AC21: =ROUND(I21/V21*X21,0) -> 0 | AD21: =ROUND($M21/V21*Y21,0) -> 12000000 | AF21: =SUM(AG21:AL21) -> 0 | AG21: =SUMIF('Tổng hợp OT'!B:B,B21,'Tổng hợp OT'!D:D) -> 0 | AJ21: =-VLOOKUP(B21,'Thưởng hiệu suất'!$B$3:$D$36,2,0) -> 0 | AM21: =AA21+AF21 -> 12000000 | AN21: =VLOOKUP(B21,BHXH!$E$7:$F$40,2,0) -> 5310000 | AO21: =$AN21*10.5% -> 557550 | AP21: =$AN21*21.5% -> 1141650 | AR21: =IF($E21=10%,0,(AQ21*6200000+15500000)) -> 15500000 | AS21: =AM21-(Q21+R21+S21)/V21*U21-AG21 -> 10370000 | AT21: =ROUND(IF((AS21-AR21-AO21)<0,0,(AS21-AR21-AO21)),0) -> 0 | AU21: =IF(AT21<2000000,0,(AT21*10%)) -> 0 | AV21: =IF(AT21<=0,0,IF(AT21<=10000000,AT21*5%,IF(AT21<=30000000,AT21*10%-500000,IF(AT21<=60000000,AT21*20%-3500000,IF(AT21<=100000000,AT21*30%-9500000,AT21*35%-14500000))))) -> 0 | AW21: =ROUND((AM21-AO21-AV21-AU21),-3) -> 11442000 | AX21: 13000000 | AZ21: =ROUND(AW21-AX21+AY21,0) -> -1558000 | BA21: =AM21+AP21 -> 13141650 | BC21: =(U21-V21) -> 0 | BD21: =AF21 -> 0 | BE21: 0 | BF21: =T21 -> 1630000 | BG21: 13000000 | BH21: 0 | BI21: =AW21-BG21 -> -1558000 | BK21: Phạm Thu Thủy | BL21: PHAM THU THUY | BM21: 6688021288 | BN21: QUAN DOI (MB)-311 | BO21: 6688021288 | BP21: QUAN DOI (MB)-311 | BQ21: Phạm Thu Thủy | BR21: GROSS | BS21: Phạm Thu Thủy | BW21: 13557550 | BX21: =L21-BW21 -> -1557550
A22: NET | B22: Ngô Xuân Bách | D22: AI Junior | F22: ON | L22: 12000000 | M22: =L22 -> 12000000 | N22: =VLOOKUP(B22,BHXH!$E$7:$F$20,2,0) -> 5310000 | O22: =M22-(N22+P22+Q22+R22+S22) -> 4810000 | P22: 250000 | Q22: 400000 | R22: 500000 | S22: 730000 | T22: =SUM(Q22:S22) -> 1630000 | U22: =SUM(W22:Y22) -> 21 | V22: 22 | Y22: =VLOOKUP(B22, 'Thưởng hiệu suất'!$B:$D,3,0) -> 21 | AA22: =SUM(AB22:AD22) -> 11454545 | AB22: =ROUND($G22/V22*W22,0) -> 0 | AC22: =ROUND(I22/V22*X22,0) -> 0 | AD22: =ROUND($M22/V22*Y22,0) -> 11454545 | AF22: =SUM(AG22:AL22) -> -450000 | AG22: =SUMIF('Tổng hợp OT'!B:B,B22,'Tổng hợp OT'!D:D) -> 0 | AJ22: =-VLOOKUP(B22,'Thưởng hiệu suất'!$B$3:$D$36,2,0) -> -450000 | AM22: =AA22+AF22 -> 11004545 | AN22: =VLOOKUP(B22,BHXH!$E$7:$F$40,2,0) -> 5310000 | AO22: =$AN22*10.5% -> 557550 | AP22: =$AN22*21.5% -> 1141650 | AR22: =IF($E22=10%,0,(AQ22*6200000+15500000)) -> 15500000 | AS22: =AM22-(Q22+R22+S22)/V22*U22-AG22 -> 9448635.9 | AT22: =ROUND(IF((AS22-AR22-AO22)<0,0,(AS22-AR22-AO22)),0) -> 0 | AV22: =IF(AT22<=0,0,IF(AT22<=10000000,AT22*5%,IF(AT22<=30000000,AT22*10%-500000,IF(AT22<=60000000,AT22*20%-3500000,IF(AT22<=100000000,AT22*30%-9500000,AT22*35%-14500000))))) -> 0 | AW22: =ROUND((AM22-AO22-AV22-AU22),-3) -> 10447000 | AX22: 15275000 | AZ22: =ROUND(AW22-AX22+AY22,0) -> -4828000 | BA22: =AM22+AP22 -> 12146195 | BC22: =(U22-V22) -> -1 | BD22: =AF22 -> -450000 | BE22: 993157.89 | BF22: =T22 -> 1630000 | BG22: 15197000 | BH22: 0 | BI22: =AW22-BG22 -> -4750000 | BJ22: CL đi muộn | BK22: Ngô Xuân Bách | BL22: NGO XUAN BACH | BM22: 477429696 | BN22: VIET NAM THINH VUONG (VPBANK)-309 | BO22: 03659155701 | BP22: TIEN PHONG (TPBANK)-358 | BQ22: Ngô Xuân Bách | BR22: GROSS | BS22: Ngô Xuân Bách | BT22: 15975000 | BU22: 1500000 | BV22: =AW22-BT22-BU22 -> -7028000 | BW22: 17057550 | BX22: =L22-BW22 -> -5057550
A23: 15 | B23: Lý Ngọc Chi | C23: 45825 | D23: Nguồn KAM | F23: ON | L23: 12000000 | M23: =L23 -> 12000000 | N23: =VLOOKUP(B23,BHXH!$E$7:$F$40,2,0) -> 5310000 | O23: =M23-(N23+P23+Q23+R23+S23) -> 4810000 | P23: 250000 | Q23: 400000 | R23: 500000 | S23: 730000 | T23: =SUM(Q23:S23) -> 1630000 | U23: =SUM(W23:Y23) -> 22 | V23: 22 | Y23: =VLOOKUP(B23, 'Thưởng hiệu suất'!$B:$D,3,0) -> 22 | AA23: =SUM(AB23:AD23) -> 12000000 | AB23: =ROUND($G23/V23*W23,0) -> 0 | AC23: =ROUND(I23/V23*X23,0) -> 0 | AD23: =ROUND($M23/V23*Y23,0) -> 12000000 | AF23: =SUM(AG23:AL23) -> 0 | AG23: =SUMIF('Tổng hợp OT'!B:B,B23,'Tổng hợp OT'!D:D) -> 0 | AJ23: =-VLOOKUP(B23,'Thưởng hiệu suất'!$B$3:$D$36,2,0) -> 0 | AM23: =AA23+AF23 -> 12000000 | AN23: =VLOOKUP(B23,BHXH!$E$7:$F$40,2,0) -> 5310000 | AO23: =$AN23*10.5% -> 557550 | AP23: =$AN23*21.5% -> 1141650 | AR23: =IF($E23=10%,0,(AQ23*6200000+15500000)) -> 15500000 | AS23: =AM23-(Q23+R23+S23)/V23*U23-AG23 -> 10370000 | AT23: =ROUND(IF((AS23-AR23-AO23)<0,0,(AS23-AR23-AO23)),0) -> 0 | AV23: =IF(AT23<=0,0,IF(AT23<=10000000,AT23*5%,IF(AT23<=30000000,AT23*10%-500000,IF(AT23<=60000000,AT23*20%-3500000,IF(AT23<=100000000,AT23*30%-9500000,AT23*35%-14500000))))) -> 0 | AW23: =ROUND((AM23-AO23-AV23-AU23),-3) -> 11442000 | AX23: 17427000 | AZ23: =ROUND(AW23-AX23+AY23,0) -> -5985000 | BA23: =AM23+AP23 -> 13141650 | BC23: =(U23-V23) -> 0 | BD23: =AF23 -> 0 | BE23: -75000 | BF23: =T23 -> 1630000 | BG23: 17284000 | BH23: 0 | BI23: =AW23-BG23 -> -5842000 | BJ23: CL đi muộn | BK23: Lý Ngọc Chi | BL23: LY NGOC CHI | BM23: 148009128 | BN23: VIET NAM THINH VUONG (VPBANK)-309 | BO23: 148009128 | BP23: VP BANK | BQ23: Lý Ngọc Chi | BR23: GROSS | BS23: Lý Ngọc Chi | BW23: 18000000 | BX23: =L23-BW23 -> -6000000
A24: =A23+1 -> 16 | B24: Dương Việt Dũng | C24: 45859 | D24: Fullstack Engineer | F24: ON | L24: 12000000 | M24: =L24 -> 12000000 | N24: =VLOOKUP(B24,BHXH!$E$7:$F$40,2,0) -> 5310000 | O24: =M24-(N24+P24+Q24+R24+S24) -> 4810000 | P24: 250000 | Q24: 400000 | R24: 500000 | S24: 730000 | T24: =SUM(Q24:S24) -> 1630000 | U24: =SUM(W24:Y24) -> 22 | V24: 22 | Y24: =VLOOKUP(B24, 'Thưởng hiệu suất'!$B:$D,3,0) -> 22 | AA24: =SUM(AB24:AD24) -> 12000000 | AB24: =ROUND($G24/V24*W24,0) -> 0 | AC24: =ROUND(I24/V24*X24,0) -> 0 | AD24: =ROUND($M24/V24*Y24,0) -> 12000000 | AF24: =SUM(AG24:AL24) -> 0 | AG24: =SUMIF('Tổng hợp OT'!B:B,B24,'Tổng hợp OT'!D:D) -> 0 | AJ24: =-VLOOKUP(B24,'Thưởng hiệu suất'!$B$3:$D$36,2,0) -> 0 | AM24: =AA24+AF24 -> 12000000 | AN24: =VLOOKUP(B24,BHXH!$E$7:$F$40,2,0) -> 5310000 | AO24: =$AN24*10.5% -> 557550 | AP24: =$AN24*21.5% -> 1141650 | AQ24: 1 | AR24: =IF($E24=10%,0,(AQ24*6200000+15500000)) -> 21700000 | AS24: =AM24-(Q24+R24+S24)/V24*U24-AG24 -> 10370000 | AT24: =ROUND(IF((AS24-AR24-AO24)<0,0,(AS24-AR24-AO24)),0) -> 0 | AV24: =IF(AT24<=0,0,IF(AT24<=10000000,AT24*5%,IF(AT24<=30000000,AT24*10%-500000,IF(AT24<=60000000,AT24*20%-3500000,IF(AT24<=100000000,AT24*30%-9500000,AT24*35%-14500000))))) -> 0 | AW24: =ROUND((AM24-AO24-AV24-AU24),-3) -> 11442000 | AX24: 28968000 | AZ24: =ROUND(AW24-AX24+AY24,0) -> -17526000 | BA24: =AM24+AP24 -> 13141650 | BC24: =(U24-V24) -> 0 | BD24: =AF24 -> 0 | BE24: 0 | BF24: =T24 -> 1630000 | BG24: 28968000 | BH24: 0 | BI24: =AW24-BG24 -> -17526000 | BK24: Dương Việt Dũng | BL24: DUONG VIET DUNG | BM24: 99896333169 | BN24: TIEN PHONG (TPBANK)-358 | BO24: 99896333169 | BP24: TP Bank | BQ24: #N/A | BR24: GROSS | BS24: Dương Việt Dũng | BW24: 30000000 | BX24: =L24-BW24 -> -18000000
A25: NET | B25: Nguyễn Thị Đào | C25: 45992 | D25: Legal | F25: ON | L25: 12000000 | M25: =L25 -> 12000000 | N25: =VLOOKUP(B25,BHXH!$E$7:$F$40,2,0) -> 5310000 | O25: =M25-(N25+P25+Q25+R25+S25) -> 4810000 | P25: 250000 | Q25: 400000 | R25: 500000 | S25: 730000 | T25: =SUM(Q25:S25) -> 1630000 | U25: =SUM(W25:Y25) -> 22 | V25: 22 | Y25: =VLOOKUP(B25, 'Thưởng hiệu suất'!$B:$D,3,0) -> 22 | AA25: =SUM(AB25:AD25) -> 12000000 | AB25: =ROUND($G25/V25*W25,0) -> 0 | AC25: =ROUND(I25/V25*X25,0) -> 0 | AD25: =ROUND($M25/V25*Y25,0) -> 12000000 | AF25: =SUM(AG25:AL25) -> 0 | AG25: =SUMIF('Tổng hợp OT'!B:B,B25,'Tổng hợp OT'!D:D) -> 0 | AJ25: =-VLOOKUP(B25,'Thưởng hiệu suất'!$B$3:$D$36,2,0) -> 0 | AM25: =AA25+AF25 -> 12000000 | AN25: =VLOOKUP(B25,BHXH!$E$7:$F$40,2,0) -> 5310000 | AO25: =$AN25*10.5% -> 557550 | AP25: =$AN25*21.5% -> 1141650 | AQ25: 2 | AR25: =IF($E25=10%,0,(AQ25*6200000+15500000)) -> 27900000 | AS25: =AM25-(Q25+R25+S25)/V25*U25-AG25 -> 10370000 | AT25: =ROUND(IF((AS25-AR25-AO25)<0,0,(AS25-AR25-AO25)),0) -> 0 | AV25: =IF(AT25<=0,0,IF(AT25<=10000000,AT25*5%,IF(AT25<=30000000,AT25*10%-500000,IF(AT25<=60000000,AT25*20%-3500000,IF(AT25<=100000000,AT25*30%-9500000,AT25*35%-14500000))))) -> 0 | AW25: =ROUND((AM25-AO25-AV25-AU25),-3) -> 11442000 | AX25: 25075000 | AY25: 75000 | AZ25: =ROUND(AW25-AX25+AY25,0) -> -13558000 | BA25: =AM25+AP25 -> 13141650 | BC25: =(U25-V25) -> 0 | BD25: =AF25 -> 0 | BE25: 0 | BF25: =T25 -> 1630000 | BG25: 24925000 | BH25: 0 | BI25: =AW25-BG25 -> -13483000 | BJ25: CL đi muộn | BK25: Nguyễn Thị Đào | BL25: NGUYEN THI DAO | BM25: 01826204801 | BN25: TIEN PHONG (TPBANK)-358 | BO25: 01826204801 | BP25: TIEN PHONG (TPBANK)-358 | BW25: 25892500 | BX25: =L25-BW25 -> -13892500
A26: 18 | B26: Nguyễn Thị Hồng | C26: 45992 | D26: Tester | F26: ON | L26: 12000000 | M26: =L26 -> 12000000 | N26: =VLOOKUP(B26,BHXH!$E$7:$F$40,2,0) -> 5310000 | O26: =M26-(N26+P26+Q26+R26+S26) -> 4810000 | P26: 250000 | Q26: 400000 | R26: 500000 | S26: 730000 | T26: =SUM(Q26:S26) -> 1630000 | U26: =SUM(W26:Y26) -> 22 | V26: 22 | Y26: =VLOOKUP(B26, 'Thưởng hiệu suất'!$B:$D,3,0) -> 22 | AA26: =SUM(AB26:AD26) -> 12000000 | AB26: =ROUND($G26/V26*W26,0) -> 0 | AC26: =ROUND(I26/V26*X26,0) -> 0 | AD26: =ROUND($M26/V26*Y26,0) -> 12000000 | AF26: =SUM(AG26:AL26) -> 0 | AG26: =SUMIF('Tổng hợp OT'!B:B,B26,'Tổng hợp OT'!D:D) -> 0 | AJ26: =-VLOOKUP(B26,'Thưởng hiệu suất'!$B$3:$D$36,2,0) -> 0 | AM26: =AA26+AF26 -> 12000000 | AN26: =VLOOKUP(B26,BHXH!$E$7:$F$40,2,0) -> 5310000 | AO26: =$AN26*10.5% -> 557550 | AP26: =$AN26*21.5% -> 1141650 | AQ26: 0 | AR26: =IF($E26=10%,0,(AQ26*6200000+15500000)) -> 15500000 | AS26: =AM26-(Q26+R26+S26)/V26*U26-AG26 -> 10370000 | AT26: =ROUND(IF((AS26-AR26-AO26)<0,0,(AS26-AR26-AO26)),0) -> 0 | AV26: =IF(AT26<=0,0,IF(AT26<=10000000,AT26*5%,IF(AT26<=30000000,AT26*10%-500000,IF(AT26<=60000000,AT26*20%-3500000,IF(AT26<=100000000,AT26*30%-9500000,AT26*35%-14500000))))) -> 0 | AW26: =ROUND((AM26-AO26-AV26-AU26),-3) -> 11442000 | AX26: 10442000 | AZ26: =ROUND(AW26-AX26+AY26,0) -> 1000000 | BA26: =AM26+AP26 -> 13141650 | BC26: =(U26-V26) -> 0 | BD26: =AF26 -> 0 | BE26: 555500 | BF26: =T26 -> 1630000 | BG26: 10442000 | BH26: 0 | BI26: =AW26-BG26 -> 1000000 | BK26: Nguyễn Thị Hồng | BL26: NGUYEN THI HONG | BM26: 105872465740 | BN26: CONG THUONG VN (VIETINBANK)-201 | BO26: 105872465740 | BP26: CONG THUONG VN (VIETINBANK)-201 | BT26: 8520000 | BU26: 500000 | BV26: =AW26-BT26-BU26 -> 2422000 | BW26: 11000000 | BX26: =L26-BW26 -> 1000000
A27: NET | B27: Hoàng Văn Lâm | C27: 45992 | D27: Dev | F27: ON | L27: 12000000 | M27: =L27 -> 12000000 | N27: =VLOOKUP(B27,BHXH!$E$7:$F$40,2,0) -> 5310000 | O27: =M27-(N27+P27+Q27+R27+S27) -> 4810000 | P27: 250000 | Q27: 400000 | R27: 500000 | S27: 730000 | T27: =SUM(Q27:S27) -> 1630000 | U27: =SUM(W27:Y27) -> 22 | V27: 22 | Y27: =VLOOKUP(B27, 'Thưởng hiệu suất'!$B:$D,3,0) -> 22 | AA27: =SUM(AB27:AD27) -> 12000000 | AB27: =ROUND($G27/V27*W27,0) -> 0 | AC27: =ROUND(I27/V27*X27,0) -> 0 | AD27: =ROUND($M27/V27*Y27,0) -> 12000000 | AF27: =SUM(AG27:AL27) -> -50000 | AG27: =SUMIF('Tổng hợp OT'!B:B,B27,'Tổng hợp OT'!D:D) -> 0 | AJ27: =-VLOOKUP(B27,'Thưởng hiệu suất'!$B$3:$D$36,2,0) -> -50000 | AM27: =AA27+AF27 -> 11950000 | AN27: =VLOOKUP(B27,BHXH!$E$7:$F$40,2,0) -> 5310000 | AO27: =$AN27*10.5% -> 557550 | AP27: =$AN27*21.5% -> 1141650 | AQ27: 0 | AR27: =IF($E27=10%,0,(AQ27*6200000+15500000)) -> 15500000 | AS27: =AM27-(Q27+R27+S27)/V27*U27-AG27 -> 10320000 | AT27: =ROUND(IF((AS27-AR27-AO27)<0,0,(AS27-AR27-AO27)),0) -> 0 | AV27: =IF(AT27<=0,0,IF(AT27<=10000000,AT27*5%,IF(AT27<=30000000,AT27*10%-500000,IF(AT27<=60000000,AT27*20%-3500000,IF(AT27<=100000000,AT27*30%-9500000,AT27*35%-14500000))))) -> 0 | AW27: =ROUND((AM27-AO27-AV27-AU27),-3) -> 11392000 | AX27: 36628000 | AY27: 1673000 | AZ27: =ROUND(AW27-AX27+AY27,0) -> -23563000 | BA27: =AM27+AP27 -> 13091650 | BC27: =(U27-V27) -> 0 | BD27: =AF27 -> -50000 | BE27: 0 | BF27: =T27 -> 1630000 | BG27: 33327000 | BH27: 0 | BI27: =AW27-BG27 -> -21935000 | BJ27: CL t2 thiếu công, đã bổ xung vào T3 | BK27: Hoàng Văn Lâm | BL27: HOANG VAN LAM | BM27: 1042293799 | BN27: NGOAI THUONG VN (VCB)-203 | BO27: 1042293799 | BP27: NGOAI THUONG VN (VCB)-203 | BW27: 36987550 | BX27: =L27-BW27 -> -24987550
A28: NET | B28: Nguyễn Duy Quyết | C28: 45992 | D28: Dev | F28: ON | L28: 12000000 | M28: =L28 -> 12000000 | N28: =VLOOKUP(B28,BHXH!$E$7:$F$40,2,0) -> 5310000 | O28: =M28-(N28+P28+Q28+R28+S28) -> 4810000 | P28: 250000 | Q28: 400000 | R28: 500000 | S28: 730000 | T28: =SUM(Q28:S28) -> 1630000 | U28: =SUM(W28:Y28) -> 22 | V28: 22 | Y28: =VLOOKUP(B28, 'Thưởng hiệu suất'!$B:$D,3,0) -> 22 | AA28: =SUM(AB28:AD28) -> 12000000 | AB28: =ROUND($G28/V28*W28,0) -> 0 | AC28: =ROUND(I28/V28*X28,0) -> 0 | AD28: =ROUND($M28/V28*Y28,0) -> 12000000 | AF28: =SUM(AG28:AL28) -> -50000 | AG28: =SUMIF('Tổng hợp OT'!B:B,B28,'Tổng hợp OT'!D:D) -> 0 | AJ28: =-VLOOKUP(B28,'Thưởng hiệu suất'!$B$3:$D$36,2,0) -> -50000 | AM28: =AA28+AF28 -> 11950000 | AN28: =VLOOKUP(B28,BHXH!$E$7:$F$40,2,0) -> 5310000 | AO28: =$AN28*10.5% -> 557550 | AP28: =$AN28*21.5% -> 1141650 | AQ28: 0 | AR28: =IF($E28=10%,0,(AQ28*6200000+15500000)) -> 15500000 | AS28: =AM28-(Q28+R28+S28)/V28*U28-AG28 -> 10320000 | AT28: =ROUND(IF((AS28-AR28-AO28)<0,0,(AS28-AR28-AO28)),0) -> 0 | AV28: =IF(AT28<=0,0,IF(AT28<=10000000,AT28*5%,IF(AT28<=30000000,AT28*10%-500000,IF(AT28<=60000000,AT28*20%-3500000,IF(AT28<=100000000,AT28*30%-9500000,AT28*35%-14500000))))) -> 0 | AW28: =ROUND((AM28-AO28-AV28-AU28),-3) -> 11392000 | AZ28: =ROUND(AW28-AX28+AY28,0) -> 11392000 | BA28: =AM28+AP28 -> 13091650 | BC28: =(U28-V28) -> 0 | BD28: =AF28 -> -50000 | BE28: 110000 | BF28: =T28 -> 1630000 | BG28: 16619000 | BH28: 0 | BI28: =AW28-BG28 -> -5227000 | BJ28: CL đi muộn | BK28: Nguyễn Duy Quyết | BL28: NGUYEN DUY QUYET | BM28: 0242916199999 | BN28: QUAN DOI (MB)-311 | BO28: 0242916199999 | BP28: QUAN DOI (MB)-311 | BW28: 18077024 | BX28: =L28-BW28 -> -6077023.7
A29: 21 | B29: Bùi Xuân Lực | C29: Merge BSM từ T1/2026 | D29: Dev | F29: ON | L29: 12000000 | M29: =L29 -> 12000000 | N29: =VLOOKUP(B29,BHXH!$E$7:$F$40,2,0) -> 5310000 | O29: =M29-(N29+P29+Q29+R29+S29) -> 4810000 | P29: 250000 | Q29: 400000 | R29: 500000 | S29: 730000 | T29: =SUM(Q29:S29) -> 1630000 | U29: =SUM(W29:Y29) -> 22 | V29: 22 | Y29: =VLOOKUP(B29, 'Thưởng hiệu suất'!$B:$D,3,0) -> 22 | AA29: =SUM(AB29:AD29) -> 12000000 | AB29: =ROUND($G29/V29*W29,0) -> 0 | AC29: =ROUND(I29/V29*X29,0) -> 0 | AD29: =ROUND($M29/V29*Y29,0) -> 12000000 | AF29: =SUM(AG29:AL29) -> 0 | AG29: =SUMIF('Tổng hợp OT'!B:B,B29,'Tổng hợp OT'!D:D) -> 0 | AJ29: =-VLOOKUP(B29,'Thưởng hiệu suất'!$B$3:$D$36,2,0) -> 0 | AM29: =AA29+AF29 -> 12000000 | AN29: =VLOOKUP(B29,BHXH!$E$7:$F$40,2,0) -> 5310000 | AO29: =$AN29*10.5% -> 557550 | AP29: =$AN29*21.5% -> 1141650 | AQ29: 2 | AR29: =IF($E29=10%,0,(AQ29*6200000+15500000)) -> 27900000 | AS29: =AM29-(Q29+R29+S29)/V29*U29-AG29 -> 10370000 | AT29: =ROUND(IF((AS29-AR29-AO29)<0,0,(AS29-AR29-AO29)),0) -> 0 | AV29: =IF(AT29<=0,0,IF(AT29<=10000000,AT29*5%,IF(AT29<=30000000,AT29*10%-500000,IF(AT29<=60000000,AT29*20%-3500000,IF(AT29<=100000000,AT29*30%-9500000,AT29*35%-14500000))))) -> 0 | AW29: =ROUND((AM29-AO29-AV29-AU29),-3) -> 11442000 | AX29: 20288000 | AY29: 75000 | AZ29: =ROUND(AW29-AX29+AY29,0) -> -8771000 | BA29: =AM29+AP29 -> 13141650 | BC29: =(U29-V29) -> 0 | BD29: =AF29 -> 0 | BE29: 0 | BF29: =T29 -> 1630000 | BG29: 20063000 | BH29: 0 | BI29: =AW29-BG29 -> -8621000 | BJ29: CL đi muộn | BK29: Bùi Xuân Lực | BL29: BUI XUAN LUC | BM29: 0943843055 | BN29: QUAN DOI (MB)-311 | BO29: 0943843055 | BP29: MB bank | BW29: 21000000 | BX29: =L29-BW29 -> -9000000
A30: =A29+1 -> 22 | B30: Nguyễn Văn Hậu | C30: Merge BSM từ T1/2026 | D30: Dev | F30: ON | L30: 12000000 | M30: =L30 -> 12000000 | N30: =VLOOKUP(B30,BHXH!$E$7:$F$40,2,0) -> 5310000 | O30: =M30-(N30+P30+Q30+R30+S30) -> 4810000 | P30: 250000 | Q30: 400000 | R30: 500000 | S30: 730000 | T30: =SUM(Q30:S30) -> 1630000 | U30: =SUM(W30:Y30) -> 22 | V30: 22 | Y30: =VLOOKUP(B30, 'Thưởng hiệu suất'!$B:$D,3,0) -> 22 | AA30: =SUM(AB30:AD30) -> 12000000 | AB30: =ROUND($G30/V30*W30,0) -> 0 | AC30: =ROUND(I30/V30*X30,0) -> 0 | AD30: =ROUND($M30/V30*Y30,0) -> 12000000 | AF30: =SUM(AG30:AL30) -> -125000 | AG30: =SUMIF('Tổng hợp OT'!B:B,B30,'Tổng hợp OT'!D:D) -> 0 | AJ30: =-VLOOKUP(B30,'Thưởng hiệu suất'!$B$3:$D$36,2,0) -> -125000 | AM30: =AA30+AF30 -> 11875000 | AN30: =VLOOKUP(B30,BHXH!$E$7:$F$40,2,0) -> 5310000 | AO30: =$AN30*10.5% -> 557550 | AP30: =$AN30*21.5% -> 1141650 | AQ30: 2 | AR30: =IF($E30=10%,0,(AQ30*6200000+15500000)) -> 27900000 | AS30: =AM30-(Q30+R30+S30)/V30*U30-AG30 -> 10245000 | AT30: =ROUND(IF((AS30-AR30-AO30)<0,0,(AS30-AR30-AO30)),0) -> 0 | AV30: =IF(AT30<=0,0,IF(AT30<=10000000,AT30*5%,IF(AT30<=30000000,AT30*10%-500000,IF(AT30<=60000000,AT30*20%-3500000,IF(AT30<=100000000,AT30*30%-9500000,AT30*35%-14500000))))) -> 0 | AW30: =ROUND((AM30-AO30-AV30-AU30),-3) -> 11317000 | AZ30: =ROUND(AW30-AX30+AY30,0) -> 11317000 | BA30: =AM30+AP30 -> 13016650 | BC30: =(U30-V30) -> 0 | BD30: =AF30 -> -125000 | BE30: 0 | BF30: =T30 -> 1630000 | BG30: 32838000 | BH30: 0 | BI30: =AW30-BG30 -> -21521000 | BJ30: CL T3 thiếu ngày công | BK30: Nguyễn Văn Hậu | BL30: NGUYEN VAN HAU | BM30: 0491000026600 | BN30: Vietcombank | BO30: 0491000026600 | BP30: Vietcombank | BW30: 35000000 | BX30: =L30-BW30 -> -23000000
A31: =A30+1 -> 23 | B31: Mẫn Thị Lan | C31: Merge BSM từ T1/2026 | D31: Tester | F31: ON | L31: 12000000 | M31: =L31 -> 12000000 | N31: =VLOOKUP(B31,BHXH!$E$7:$F$40,2,0) -> 5310000 | O31: =M31-(N31+P31+Q31+R31+S31) -> 4810000 | P31: 250000 | Q31: 400000 | R31: 500000 | S31: 730000 | T31: =SUM(Q31:S31) -> 1630000 | U31: =SUM(W31:Y31) -> 22 | V31: 22 | Y31: =VLOOKUP(B31, 'Thưởng hiệu suất'!$B:$D,3,0) -> 22 | AA31: =SUM(AB31:AD31) -> 12000000 | AB31: =ROUND($G31/V31*W31,0) -> 0 | AC31: =ROUND(I31/V31*X31,0) -> 0 | AD31: =ROUND($M31/V31*Y31,0) -> 12000000 | AF31: =SUM(AG31:AL31) -> 0 | AG31: =SUMIF('Tổng hợp OT'!B:B,B31,'Tổng hợp OT'!D:D) -> 0 | AJ31: =-VLOOKUP(B31,'Thưởng hiệu suất'!$B$3:$D$36,2,0) -> 0 | AM31: =AA31+AF31 -> 12000000 | AN31: =VLOOKUP(B31,BHXH!$E$7:$F$40,2,0) -> 5310000 | AO31: =$AN31*10.5% -> 557550 | AP31: =$AN31*21.5% -> 1141650 | AQ31: 0 | AR31: =IF($E31=10%,0,(AQ31*6200000+15500000)) -> 15500000 | AS31: =AM31-(Q31+R31+S31)/V31*U31-AG31 -> 10370000 | AT31: =ROUND(IF((AS31-AR31-AO31)<0,0,(AS31-AR31-AO31)),0) -> 0 | AV31: =IF(AT31<=0,0,IF(AT31<=10000000,AT31*5%,IF(AT31<=30000000,AT31*10%-500000,IF(AT31<=60000000,AT31*20%-3500000,IF(AT31<=100000000,AT31*30%-9500000,AT31*35%-14500000))))) -> 0 | AW31: =ROUND((AM31-AO31-AV31-AU31),-3) -> 11442000 | AX31: 10442000 | AZ31: =ROUND(AW31-AX31+AY31,0) -> 1000000 | BA31: =AM31+AP31 -> 13141650 | BC31: =(U31-V31) -> 0 | BD31: =AF31 -> 0 | BE31: 0 | BF31: =T31 -> 1630000 | BG31: 10367000 | BH31: 0 | BI31: =AW31-BG31 -> 1075000 | BJ31: CL đi muộn | BK31: Mẫn Thị Lan | BL31: MAN THI LAN | BM31: 0326130819 | BN31: VPBANK YEN PHONG | BO31: 0326130819 | BP31: VPBANK YEN PHONG | BW31: 11000000 | BX31: =L31-BW31 -> 1000000
A32: =A31+1 -> 24 | B32: Lê Thị Hạnh | C32: Merge BSM từ T1/2026 | D32: Tester | F32: ON | L32: 12000000 | M32: =L32 -> 12000000 | N32: =VLOOKUP(B32,BHXH!$E$7:$F$40,2,0) -> 5310000 | O32: =M32-(N32+P32+Q32+R32+S32) -> 4810000 | P32: 250000 | Q32: 400000 | R32: 500000 | S32: 730000 | T32: =SUM(Q32:S32) -> 1630000 | U32: =SUM(W32:Y32) -> 22 | V32: 22 | Y32: =VLOOKUP(B32, 'Thưởng hiệu suất'!$B:$D,3,0) -> 22 | AA32: =SUM(AB32:AD32) -> 12000000 | AB32: =ROUND($G32/V32*W32,0) -> 0 | AC32: =ROUND(I32/V32*X32,0) -> 0 | AD32: =ROUND($M32/V32*Y32,0) -> 12000000 | AF32: =SUM(AG32:AL32) -> 0 | AG32: =SUMIF('Tổng hợp OT'!B:B,B32,'Tổng hợp OT'!D:D) -> 0 | AJ32: =-VLOOKUP(B32,'Thưởng hiệu suất'!$B$3:$D$36,2,0) -> 0 | AM32: =AA32+AF32 -> 12000000 | AN32: =VLOOKUP(B32,BHXH!$E$7:$F$40,2,0) -> 5310000 | AO32: =$AN32*10.5% -> 557550 | AP32: =$AN32*21.5% -> 1141650 | AQ32: 0 | AR32: =IF($E32=10%,0,(AQ32*6200000+15500000)) -> 15500000 | AS32: =AM32-(Q32+R32+S32)/V32*U32-AG32 -> 10370000 | AT32: =ROUND(IF((AS32-AR32-AO32)<0,0,(AS32-AR32-AO32)),0) -> 0 | AV32: =IF(AT32<=0,0,IF(AT32<=10000000,AT32*5%,IF(AT32<=30000000,AT32*10%-500000,IF(AT32<=60000000,AT32*20%-3500000,IF(AT32<=100000000,AT32*30%-9500000,AT32*35%-14500000))))) -> 0 | AW32: =ROUND((AM32-AO32-AV32-AU32),-3) -> 11442000 | AX32: 9942000 | AY32: 500000 | AZ32: =ROUND(AW32-AX32+AY32,0) -> 2000000 | BA32: =AM32+AP32 -> 13141650 | BC32: =(U32-V32) -> 0 | BD32: =AF32 -> 0 | BE32: 0 | BF32: =T32 -> 1630000 | BG32: 8867000 | BH32: 0 | BI32: =AW32-BG32 -> 2575000 | BJ32: T2 cũ thiếu công, đã BX T3 | BK32: Lê Thị Hạnh | BL32: LE THI HẠNH | BM32: 109868242837 | BN32: Vietinbank | BO32: 109868242837 | BP32: Vietinbank | BW32: 10000000 | BX32: =L32-BW32 -> 2000000
A33: =A32+1 -> 25 | B33: Nguyễn Thị Trang | C33: Merge BSM từ T1/2026 | D33: BA | F33: ON | L33: 12000000 | M33: =L33 -> 12000000 | N33: =VLOOKUP(B33,BHXH!$E$7:$F$40,2,0) -> 5310000 | O33: =M33-(N33+P33+Q33+R33+S33) -> 4810000 | P33: 250000 | Q33: 400000 | R33: 500000 | S33: 730000 | T33: =SUM(Q33:S33) -> 1630000 | U33: =SUM(W33:Y33) -> 22 | V33: 22 | Y33: =VLOOKUP(B33, 'Thưởng hiệu suất'!$B:$D,3,0) -> 22 | AA33: =SUM(AB33:AD33) -> 12000000 | AB33: =ROUND($G33/V33*W33,0) -> 0 | AC33: =ROUND(I33/V33*X33,0) -> 0 | AD33: =ROUND($M33/V33*Y33,0) -> 12000000 | AF33: =SUM(AG33:AL33) -> 0 | AG33: =SUMIF('Tổng hợp OT'!B:B,B33,'Tổng hợp OT'!D:D) -> 0 | AJ33: =-VLOOKUP(B33,'Thưởng hiệu suất'!$B$3:$D$36,2,0) -> 0 | AM33: =AA33+AF33 -> 12000000 | AN33: =VLOOKUP(B33,BHXH!$E$7:$F$40,2,0) -> 5310000 | AO33: =$AN33*10.5% -> 557550 | AP33: =$AN33*21.5% -> 1141650 | AQ33: 2 | AR33: =IF($E33=10%,0,(AQ33*6200000+15500000)) -> 27900000 | AS33: =AM33-(Q33+R33+S33)/V33*U33-AG33 -> 10370000 | AT33: =ROUND(IF((AS33-AR33-AO33)<0,0,(AS33-AR33-AO33)),0) -> 0 | AV33: =IF(AT33<=0,0,IF(AT33<=10000000,AT33*5%,IF(AT33<=30000000,AT33*10%-500000,IF(AT33<=60000000,AT33*20%-3500000,IF(AT33<=100000000,AT33*30%-9500000,AT33*35%-14500000))))) -> 0 | AW33: =ROUND((AM33-AO33-AV33-AU33),-3) -> 11442000 | AX33: 40285000 | AY33: 3106000 | AZ33: =ROUND(AW33-AX33+AY33,0) -> -25737000 | BA33: =AM33+AP33 -> 13141650 | BC33: =(U33-V33) -> 0 | BD33: =AF33 -> 0 | BE33: 1000000 | BF33: =T33 -> 1630000 | BG33: 33859000 | BH33: -23 | BI33: =AW33-BG33 -> -22417000 | BJ33: T2 cũ thiếu công, đã BX T3 | BK33: Nguyễn Thị Trang | BL33: NGUYEN THI TRANG | BM33: 0977192559 | BN33: QUAN DOI (MB)-311 | BO33: 0977192559 | BP33: MB bank | BW33: 38500000 | BX33: =L33-BW33 -> -26500000
A34: =A33+1 -> 26 | B34: Lê Hà Đức | C34: Onboard 01.01.2026 | D34: COO | F34: ON | L34: 12000000 | M34: =L34 -> 12000000 | N34: =VLOOKUP(B34,BHXH!$E$7:$F$40,2,0) -> 5310000 | O34: =M34-(N34+P34+Q34+R34+S34) -> 4310000 | P34: 250000 | Q34: 400000 | R34: 1000000 | S34: 730000 | T34: =SUM(Q34:S34) -> 2130000 | U34: =SUM(W34:Y34) -> 22 | V34: 22 | Y34: =VLOOKUP(B34, 'Thưởng hiệu suất'!$B:$D,3,0) -> 22 | AA34: =SUM(AB34:AD34) -> 12000000 | AB34: =ROUND($G34/V34*W34,0) -> 0 | AC34: =ROUND(I34/V34*X34,0) -> 0 | AD34: =ROUND($M34/V34*Y34,0) -> 12000000 | AF34: =SUM(AG34:AL34) -> 0 | AG34: =SUMIF('Tổng hợp OT'!B:B,B34,'Tổng hợp OT'!D:D) -> 0 | AJ34: =-VLOOKUP(B34,'Thưởng hiệu suất'!$B$3:$D$36,2,0) -> 0 | AM34: =AA34+AF34 -> 12000000 | AN34: =VLOOKUP(B34,BHXH!$E$7:$F$40,2,0) -> 5310000 | AO34: =$AN34*10.5% -> 557550 | AP34: =$AN34*21.5% -> 1141650 | AQ34: 0 | AR34: =IF($E34=10%,0,(AQ34*6200000+15500000)) -> 15500000 | AS34: =AM34-(Q34+R34+S34)/V34*U34-AG34 -> 9870000 | AT34: =ROUND(IF((AS34-AR34-AO34)<0,0,(AS34-AR34-AO34)),0) -> 0 | AV34: =IF(AT34<=0,0,IF(AT34<=10000000,AT34*5%,IF(AT34<=30000000,AT34*10%-500000,IF(AT34<=60000000,AT34*20%-3500000,IF(AT34<=100000000,AT34*30%-9500000,AT34*35%-14500000))))) -> 0 | AW34: =ROUND((AM34-AO34-AV34-AU34),-3) -> 11442000 | AZ34: =ROUND(AW34-AX34+AY34,0) -> 11442000 | BA34: =AM34+AP34 -> 13141650 | BC34: =(U34-V34) -> 0 | BD34: =AF34 -> 0 | BE34: 0 | BF34: =T34 -> 2130000 | BG34: 27373000 | BH34: 0 | BI34: =AW34-BG34 -> -15931000 | BK34: Lê Hà Đức | BL34: LE HA DUC | BM34: 29121978888 | BN34: TPBANK | BO34: 29121978888 | BP34: TPBANK | BW34: 30000000 | BX34: =L34-BW34 -> -18000000
A35: =A34+1 -> 27 | B35: Lê Thị Bích Liên | C35: 45985 | D35: QC LEAD | F35: ON | L35: 12000000 | M35: =L35 -> 12000000 | N35: =VLOOKUP(B35,BHXH!$E$7:$F$40,2,0) -> 5310000 | O35: =M35-(N35+P35+Q35+R35+S35) -> 4810000 | P35: 250000 | Q35: 400000 | R35: 500000 | S35: 730000 | T35: =SUM(Q35:S35) -> 1630000 | U35: =SUM(W35:Y35) -> 22 | V35: 22 | Y35: =VLOOKUP(B35, 'Thưởng hiệu suất'!$B:$D,3,0) -> 22 | AA35: =SUM(AB35:AD35) -> 12000000 | AB35: =ROUND($G35/V35*W35,0) -> 0 | AC35: =ROUND(I35/V35*X35,0) -> 0 | AD35: =ROUND($M35/V35*Y35,0) -> 12000000 | AF35: =SUM(AG35:AL35) -> -200000 | AG35: =SUMIF('Tổng hợp OT'!B:B,B35,'Tổng hợp OT'!D:D) -> 0 | AJ35: =-VLOOKUP(B35,'Thưởng hiệu suất'!$B$3:$D$36,2,0) -> -200000 | AM35: =AA35+AF35 -> 11800000 | AN35: =VLOOKUP(B35,BHXH!$E$7:$F$40,2,0) -> 5310000 | AO35: =$AN35*10.5% -> 557550 | AP35: =$AN35*21.5% -> 1141650 | AQ35: 2 | AR35: =IF($E35=10%,0,(AQ35*6200000+15500000)) -> 27900000 | AS35: =AM35-(Q35+R35+S35)/V35*U35-AG35 -> 10170000 | AT35: =ROUND(IF((AS35-AR35-AO35)<0,0,(AS35-AR35-AO35)),0) -> 0 | AV35: =IF(AT35<=0,0,IF(AT35<=10000000,AT35*5%,IF(AT35<=30000000,AT35*10%-500000,IF(AT35<=60000000,AT35*20%-3500000,IF(AT35<=100000000,AT35*30%-9500000,AT35*35%-14500000))))) -> 0 | AW35: =ROUND((AM35-AO35-AV35-AU35),-3) -> 11242000 | AX35: 38956000 | AY35: 2467000 | AZ35: =ROUND(AW35-AX35+AY35,0) -> -25247000 | BA35: =AM35+AP35 -> 12941650 | BC35: =(U35-V35) -> 0 | BD35: =AF35 -> -200000 | BE35: 0 | BF35: =T35 -> 1630000 | BG35: 33998000 | BH35: 0 | BI35: =AW35-BG35 -> -22756000 | BJ35: Ký HĐLĐ chính thức | BK35: Lê Thị Bích Liên | BL35: LE THI BICH LIEN | BM35: 8816306354 | BN35: DAU TU VA PHAT TRIEN VN ( BIDV)-202 | BO35: 0919781689 | BP35: VPBank | BQ35: Lê Thị Bích Liên | BW35: 38000000 | BX35: =L35-BW35 -> -26000000
A36: NET | B36: Phan Thị Nguyệt Ánh | C36: T8/2024 | D36: Social Content Intern | F36: ON | L36: 12000000 | M36: =L36 -> 12000000 | N36: =VLOOKUP(B36,BHXH!$E$7:$F$40,2,0) -> 5310000 | O36: =M36-(N36+P36+Q36+R36+S36) -> 4810000 | P36: 250000 | Q36: 400000 | R36: 500000 | S36: 730000 | T36: =SUM(Q36:S36) -> 1630000 | U36: =SUM(W36:Y36) -> 22 | V36: 22 | Y36: =VLOOKUP(B36, 'Thưởng hiệu suất'!$B:$D,3,0) -> 22 | AA36: =SUM(AB36:AD36) -> 12000000 | AB36: =ROUND($G36/V36*W36,0) -> 0 | AC36: =ROUND(I36/V36*X36,0) -> 0 | AD36: =ROUND($M36/V36*Y36,0) -> 12000000 | AF36: =SUM(AG36:AL36) -> 0 | AG36: =SUMIF('Tổng hợp OT'!B:B,B36,'Tổng hợp OT'!D:D) -> 0 | AJ36: =-VLOOKUP(B36,'Thưởng hiệu suất'!$B$3:$D$36,2,0) -> 0 | AM36: =AA36+AF36 -> 12000000 | AN36: =VLOOKUP(B36,BHXH!$E$7:$F$40,2,0) -> 5310000 | AO36: =$AN36*10.5% -> 557550 | AP36: =$AN36*21.5% -> 1141650 | AR36: =IF($E36=10%,0,(AQ36*6200000+15500000)) -> 15500000 | AS36: =AM36-(Q36+R36+S36)/V36*U36-AG36 -> 10370000 | AT36: =ROUND(IF((AS36-AR36-AO36)<0,0,(AS36-AR36-AO36)),0) -> 0 | AV36: =IF(AT36<=0,0,IF(AT36<=10000000,AT36*5%,IF(AT36<=30000000,AT36*10%-500000,IF(AT36<=60000000,AT36*20%-3500000,IF(AT36<=100000000,AT36*30%-9500000,AT36*35%-14500000))))) -> 0 | AW36: =ROUND((AM36-AO36-AV36-AU36),-3) -> 11442000 | AX36: 10517000 | AY36: 75000 | AZ36: =ROUND(AW36-AX36+AY36,0) -> 1000000 | BA36: =AM36+AP36 -> 13141650 | BC36: =(U36-V36) -> 0 | BD36: =AF36 -> 0 | BE36: 0 | BF36: =T36 -> 1630000 | BG36: 7925000 | BH36: -2.5 | BI36: =AW36-BG36 -> 3517000 | BJ36: Tăng lương | BK36: Phan Thị Nguyệt Ánh | BL36: PHAN THI NGUYET ANH | BM36: 477397905 | BN36: VIET NAM THINH VUONG (VPBANK)-309 | BO36: 19035470912013 | BP36: TCB | BQ36: Phan Thị Nguyệt Ánh | BR36: GROSS | BS36: Nguyễn Nam Anh | BW36: 8000000 | BX36: =L36-BW36 -> 4000000
A37: NET | B37: Nguyễn Mạnh Tuấn | C37: 15/05/2024 | D37: AI Intern | F37: ON | L37: 12000000 | M37: =L37 -> 12000000 | N37: =VLOOKUP(B37,BHXH!$E$7:$F$40,2,0) -> 5310000 | O37: =M37-(N37+P37+Q37+R37+S37) -> 4810000 | P37: 250000 | Q37: 400000 | R37: 500000 | S37: 730000 | T37: =SUM(Q37:S37) -> 1630000 | U37: =SUM(W37:Y37) -> 22 | V37: 22 | Y37: =VLOOKUP(B37, 'Thưởng hiệu suất'!$B:$D,3,0) -> 22 | AA37: =SUM(AB37:AD37) -> 12000000 | AB37: =ROUND($G37/V37*W37,0) -> 0 | AC37: =ROUND(I37/V37*X37,0) -> 0 | AD37: =ROUND($M37/V37*Y37,0) -> 12000000 | AF37: =SUM(AG37:AL37) -> -50000 | AG37: =SUMIF('Tổng hợp OT'!B:B,B37,'Tổng hợp OT'!D:D) -> 0 | AJ37: =-VLOOKUP(B37,'Thưởng hiệu suất'!$B$3:$D$36,2,0) -> -50000 | AM37: =AA37+AF37 -> 11950000 | AN37: =VLOOKUP(B37,BHXH!$E$7:$F$40,2,0) -> 5310000 | AO37: =$AN37*10.5% -> 557550 | AP37: =$AN37*21.5% -> 1141650 | AR37: =IF($E37=10%,0,(AQ37*6200000+15500000)) -> 15500000 | AS37: =AM37-(Q37+R37+S37)/V37*U37-AG37 -> 10320000 | AT37: =ROUND(IF((AS37-AR37-AO37)<0,0,(AS37-AR37-AO37)),0) -> 0 | AV37: =IF(AT37<=0,0,IF(AT37<=10000000,AT37*5%,IF(AT37<=30000000,AT37*10%-500000,IF(AT37<=60000000,AT37*20%-3500000,IF(AT37<=100000000,AT37*30%-9500000,AT37*35%-14500000))))) -> 0 | AW37: =ROUND((AM37-AO37-AV37-AU37),-3) -> 11392000 | AX37: 8950000 | AZ37: =ROUND(AW37-AX37+AY37,0) -> 2442000 | BA37: =AM37+AP37 -> 13091650 | BC37: =(U37-V37) -> 0 | BD37: =AF37 -> -50000 | BE37: 1350000 | BF37: =T37 -> 1630000 | BG37: 9000000 | BH37: -1 | BI37: =AW37-BG37 -> 2392000 | BJ37: CL đi muộn | BK37: Nguyễn Mạnh Tuấn | BL37: NGUYEN MANH TUAN | BM37: 477372708 | BN37: VIET NAM THINH VUONG (VPBANK)-309 | BO37: 0988704323 | BP37: MB | BQ37: Nguyễn Mạnh Tuấn | BR37: NET | BS37: Nguyễn Mạnh Tuấn | BT37: 9959000 | BV37: =AW37-BT37-BU37 -> 1433000 | BW37: 9000000 | BX37: =L37-BW37 -> 3000000
A38: 30 | B38: Nguyễn Hải Minh | L38: 12000000 | M38: =L38 -> 12000000 | N38: =VLOOKUP(B38,BHXH!$E$7:$F$40,2,0) -> 5310000 | O38: =M38-(N38+P38+Q38+R38+S38) -> 4810000 | P38: 250000 | Q38: 400000 | R38: 500000 | S38: 730000 | T38: =SUM(Q38:S38) -> 1630000 | U38: =SUM(W38:Y38) -> 22 | V38: 22 | Y38: =VLOOKUP(B38, 'Thưởng hiệu suất'!$B:$D,3,0) -> 22 | AA38: =SUM(AB38:AD38) -> 12000000 | AB38: =ROUND($G38/V38*W38,0) -> 0 | AC38: =ROUND(I38/V38*X38,0) -> 0 | AD38: =ROUND($M38/V38*Y38,0) -> 12000000 | AF38: =SUM(AG38:AL38) -> 0 | AG38: =SUMIF('Tổng hợp OT'!B:B,B38,'Tổng hợp OT'!D:D) -> 0 | AJ38: =-VLOOKUP(B38,'Thưởng hiệu suất'!$B$3:$D$36,2,0) -> 0 | AM38: =AA38+AF38 -> 12000000 | AN38: =VLOOKUP(B38,BHXH!$E$7:$F$40,2,0) -> 5310000 | AO38: =$AN38*10.5% -> 557550 | AP38: =$AN38*21.5% -> 1141650 | AR38: =IF($E38=10%,0,(AQ38*6200000+15500000)) -> 15500000 | AS38: =AM38-(Q38+R38+S38)/V38*U38-AG38 -> 10370000 | AT38: =ROUND(IF((AS38-AR38-AO38)<0,0,(AS38-AR38-AO38)),0) -> 0 | AV38: =IF(AT38<=0,0,IF(AT38<=10000000,AT38*5%,IF(AT38<=30000000,AT38*10%-500000,IF(AT38<=60000000,AT38*20%-3500000,IF(AT38<=100000000,AT38*30%-9500000,AT38*35%-14500000))))) -> 0 | AW38: =ROUND((AM38-AO38-AV38-AU38),-3) -> 11442000 | AX38: 6000000 | AZ38: =ROUND(AW38-AX38+AY38,0) -> 5442000 | BA38: =AM38+AP38 -> 13141650 | BG38: 0 | BH38: -1 | BI38: =AW38-BG38 -> 11442000 | BJ38: Nhân sự mới | BW38: 0 | BX38: =L38-BW38 -> 12000000
A39: NET | B39: Trương Ngọc Phương Trang | C39: 02/03/2026 | D39: Digital Experience Designer | E39: 0.1 | F39: CTV | G39: 4000000 | L39: =G39 -> 4000000 | M39: =L39 -> 4000000 | U39: =SUM(W39:Y39) -> 22 | V39: 22 | W39: =VLOOKUP(B39, 'Thưởng hiệu suất'!$B:$D,3,0) -> 22 | AA39: =SUM(AB39:AD39) -> 4000000 | AB39: =ROUND($G39/V39*W39,0) -> 4000000 | AC39: =ROUND(I39/V39*X39,0) -> 0 | AD39: =ROUND($M39/V39*Y39,0) -> 0 | AF39: =SUM(AG39:AL39) -> 0 | AG39: =SUMIF('Tổng hợp OT'!B:B,B39,'Tổng hợp OT'!D:D) -> 0 | AJ39: =-VLOOKUP(B39,'Thưởng hiệu suất'!$B$3:$D$36,2,0) -> 0 | AM39: =AA39+AF39 -> 4000000 | AR39: =IF($E39=10%,0,(AQ39*4400000+11000000)) -> 0 | AS39: =AM39-(Q39+R39+S39)/V39*U39-AG39 -> 4000000 | AT39: =ROUND(IF((AS39-AR39-AO39)<0,0,(AS39-AR39-AO39)),0) -> 4000000 | AU39: =IF(AT39<2000000,0,(AT39*10%)) -> 400000 | AW39: =ROUND((AM39-AO39-AV39-AU39),-3) -> 3600000 | AX39: 8000000 | AZ39: =ROUND(AW39-AX39+AY39,0) -> -4400000 | BA39: =AM39+AP39 -> 4000000 | BB39: Intern | BC39: =(U39-V39) -> 0 | BD39: =AF39 -> 0 | BE39: 110000 | BF39: =T39 -> 0 | BG39: 0 | BH39: 0 | BI39: =AW39-BG39 -> 3600000 | BJ39: Nhân sự mới | BK39: Đỗ Văn Quân | BL39: DO VAN QUAN | BM39: 89928042003 | BN39: TIEN PHONG (TPBANK)-358 | BO39: 89928042003 | BP39: TIEN PHONG (TPBANK)-358 | BQ39: Đỗ Văn Quân | BR39: NET | BS39: Nguyễn Mạnh Tuấn | BW39: 0 | BX39: =L39-BW39 -> 4000000
A40: 37 | B40: Nguyễn Ngọc Diễm Quỳnh | C40: 45967 | D40: MKT Intern | E40: 0.1 | F40: Intern | G40: 4000000 | L40: 4000000 | M40: =L40 -> 4000000 | U40: =SUM(W40:Y40) -> 22 | V40: 22 | W40: =VLOOKUP(B40, 'Thưởng hiệu suất'!$B:$D,3,0) -> 22 | AA40: =SUM(AB40:AD40) -> 4000000 | AB40: =ROUND($G40/V40*W40,0) -> 4000000 | AC40: =ROUND(I40/V40*X40,0) -> 0 | AD40: =ROUND($M40/V40*Y40,0) -> 0 | AF40: =SUM(AG40:AL40) -> 0 | AG40: =SUMIF('Tổng hợp OT'!B:B,B40,'Tổng hợp OT'!D:D) -> 0 | AJ40: =-VLOOKUP(B40,'Thưởng hiệu suất'!$B$3:$D$36,2,0) -> 0 | AM40: =AA40+AF40 -> 4000000 | AR40: =IF($E40=10%,0,(AQ40*4400000+11000000)) -> 0 | AS40: =AM40-(Q40+R40+S40)/V40*U40-AG40 -> 4000000 | AT40: =ROUND(IF((AS40-AR40-AO40)<0,0,(AS40-AR40-AO40)),0) -> 4000000 | AW40: =ROUND((AM40-AO40-AV40-AU40),-3) -> 4000000 | AX40: 4000000 | AZ40: =ROUND(AW40-AX40+AY40,0) -> 0 | BA40: =AM40+AP40 -> 4000000 | BB40: Intern | BC40: =(U40-V40) -> 0 | BD40: =AF40 -> 0 | BE40: 55000 | BF40: =T40 -> 0 | BG40: 3850000 | BH40: -1 | BI40: =AW40-BG40 -> 150000 | BJ40: CL đi muộn | BK40: Nguyễn Ngọc Diễm Quỳnh | BL40: NGUYEN NGOC DIEM QUYNH | BM40: 5510110082003 | BN40: QUAN DOI (MB)-311 | BO40: 5510110082003 | BP40: MB | BQ40: #N/A | BS40: Nguyễn Thanh Danh | BW40: 4000000 | BX40: =L40-BW40 -> 0
A41: =A40+1 -> 38 | B41: Đỗ Văn Quân | C41: 45992 | D41: Dev Intern | E41: 0.1 | F41: Intern | G41: 4000000 | L41: =G41 -> 4000000 | M41: =L41 -> 4000000 | U41: =SUM(W41:Y41) -> 22 | V41: 22 | W41: =VLOOKUP(B41, 'Thưởng hiệu suất'!$B:$D,3,0) -> 22 | AA41: =SUM(AB41:AD41) -> 4000000 | AB41: =ROUND($G41/V41*W41,0) -> 4000000 | AC41: =ROUND(I41/V41*X41,0) -> 0 | AD41: =ROUND($M41/V41*Y41,0) -> 0 | AF41: =SUM(AG41:AL41) -> 65000 | AG41: =SUMIF('Tổng hợp OT'!B:B,B41,'Tổng hợp OT'!D:D) -> 65000 | AJ41: =-VLOOKUP(B41,'Thưởng hiệu suất'!$B$3:$D$36,2,0) -> 0 | AM41: =AA41+AF41 -> 4065000 | AR41: =IF($E41=10%,0,(AQ41*4400000+11000000)) -> 0 | AS41: =AM41-(Q41+R41+S41)/V41*U41-AG41 -> 4000000 | AT41: =ROUND(IF((AS41-AR41-AO41)<0,0,(AS41-AR41-AO41)),0) -> 4000000 | AW41: =ROUND((AM41-AO41-AV41-AU41),-3) -> 4065000 | AX41: 6140000 | AY41: 75000 | AZ41: =ROUND(AW41-AX41+AY41,0) -> -2000000 | BA41: =AM41+AP41 -> 4065000 | BB41: Intern | BC41: =(U41-V41) -> 0 | BD41: =AF41 -> 65000 | BE41: 110000 | BF41: =T41 -> 0 | BG41: 6000000 | BH41: 0 | BI41: =AW41-BG41 -> -1935000 | BJ41: CL tiền gửi xe | BK41: Đỗ Văn Quân | BL41: DO VAN QUAN | BM41: 89928042003 | BN41: TIEN PHONG (TPBANK)-358 | BO41: 89928042003 | BP41: TIEN PHONG (TPBANK)-358 | BQ41: Đỗ Văn Quân | BR41: NET | BS41: Nguyễn Mạnh Tuấn | BW41: 6000000 | BX41: =L41-BW41 -> -2000000
B42: TỔNG | G42: =SUM(G9:G41) -> 12000000 | H42: =SUM(H9:H41) -> 0 | I42: =SUM(I9:I41) -> 0 | J42: =SUM(J9:J41) -> 0 | K42: =SUM(K9:K41) -> 0 | L42: =SUM(L9:L41) -> 408000000 | M42: =SUM(M9:M41) -> 408000000 | N42: =SUM(N9:N41) -> 159300000 | ... BI42: =SUM(BI9:BI41) -> -359273000
AY43: Bù lương T2/2026 sau khi BX Request
AW44: =AW42+#REF!+#REF!+#REF! -> #REF! | AX44: Thêm lương Thái, Danh | AZ44: =AZ42+#REF!+#REF!+#REF! -> #REF! | BA44: Thêm lương Thái, Danh
AF45: =AF44+#REF! -> #REF! | AN45: 13880000 | AO45: 2602500 | AP45: 1735000 | BA45: Ngoài TCB | BG45: 6000000.1 | BH45: Thái
AJ46: =AJ42-AJ22 -> -1200000 | AO46: =AO42-AN45-AO45-AP45 -> -1491000 | BA46: Trong TCB | BG46: 1500000 | BH46: Nguyễn Ngọc Lê
AW47: =AW46-AW42 -> -378872000 | AZ47: 127718000 | BA47: Trong TCB | BG47: 2500000 | BH47: Nguyễn Thị Ngọc Ánh
AW72: =SUBTOTAL(9,AW11:AW23) -> 158208000
AM73: 854485050 | AO73: =AM18-AO18 -> 11442450 | AW73: =AW22-AJ22 -> 10897000
AM74: =AM73-AM42 -> 458433687
AW75: =AW19+AV19+AO19 -> 11999550

Sheet Biến động NS+ Lương
C1: CÔNG TY CỔ PHẦN BSM LABS
A3: Tháng | B3: Nội dung biến động | C3: No. | D3: Name | E3: Position | F3: Onboarding | I3: Note
A4: 2026-03 | B4: Điều chỉnh lương từ tháng 3/2026 | C4: 1 | D4: Phan Thị Nguyệt Ánh | E4: Excutive | F4: 20/08/2024 | I4: Hết Internship + chuyển sang chính thức
A5: 2026-03 | B5: Điều chỉnh lương từ tháng 3/2026 | C5: 2 | D5: Nguyễn Mạnh Tuấn | E5: AI Junior | I5: Hết Internship + chuyển sang chính thức
A6: 2026-03 | B6: Điều chỉnh lương từ tháng 3/2026 | C6: 3 | D6: Nguyễn Thị Kim Phượng | E6: L&D Business Partner
C8: No. | D8: Name | E8: Position | F8: Onboarding | I8: Offer letter
A9: 2026-03 | B9: Nhân sự mới onboard tháng 03/2026: | C9: 1 | D9: Trương Ngọc Phương Trang | E9: Digital Experience Designer | F9: 1/3/2026 | I9: Hợp đồng CTV
A10: 2026-03 | B10: Nhân sự mới onboard tháng 03/2026: | C10: 2 | D10: Nguyễn Hải Minh | E10: AI Junior | F10: 1/3/2026 | I10: HĐ LĐ
C13: No. | D13: Name | E13: Position | F13: Tháng tăng
A14: 2026-03 | B14: Tăng BH | C14: 1 | D14: Phan Thị Nguyệt Ánh | E14: Excutive | F14: T3/2026
A15: 2026-03 | B15: Tăng BH | C15: 1 | D15: Nguyễn Mạnh Tuấn | E15: AI Junior | F15: T3/2026
A16: 2026-03 | B16: Tăng BH | C16: 3 | D16: Nguyễn Thị Kim Phượng | E16: L&D Business Partner | F16: T3/2026
A17: 2026-03 | B17: Tăng BH | C17: 4 | D17: Nguyễn Hải Minh | E17: AI Junior | F17: T3/2026
C19: No. | D19: Name | E19: Position | F19: Tháng giảm BHXH
A20: 2026-03 | B20: Giảm BH | C20: 1 | D20: Lê Hải Linh | E20: Phụ trách Marketing | F20: Tháng 4/2026
A21: 2026-03 | B21: Giảm BH | C21: 2 | D21: Đỗ Khánh Huyền | E21: Executive Assistant | F21: Tháng 4/2026
A22: 2026-03 | B22: Giảm BH | C22: 3 | D22: Nguyễn Hữu Tuấn Minh | E22: Lập trình viên | F22: Tháng 4/2026
A23: 2026-03 | B23: Giảm BH | C23: 4 | D23: Nguyễn Xuân Phong | E23: Lập trình viên | F23: Tháng 4/2026
A24: 2026-03 | B24: Giảm BH | C24: 5 | D24: Ngô Xuân Bách | E24: AI Junior | F24: Tháng 4/2026
A25: 2026-03 | B25: Giảm BH | C25: 6 | D25: Nguyễn Văn Hậu | E25: Lập trình viên | F25: Tháng 4/2026
A26: 2026-03 | B26: Giảm BH | C26: 7 | D26: Nguyễn Thị Trang | E26: BA | F26: Tháng 4/2026
A27: 2026-03 | B27: Giảm BH | C27: 8 | D27: Nguyễn Duy Quyết | E27: Lập trình viên | F27: Tháng 4/2026
C28: No. | D28: Name | E28: Position | F28: Lastday
A29: 2026-03 | B29: Nhân sự nghỉ việc | C29: 1 | D29: Lê Hải Linh | E29: Phụ trách Marketing | F29: 13/03/2026
A30: 2026-03 | B30: Nhân sự nghỉ việc | C30: 2 | D30: Đỗ Khánh Huyền | E30: Executive Assistant | F30: 26/03/2026
A31: 2026-03 | B31: Nhân sự nghỉ việc | C31: 3 | D31: Nguyễn Hữu Tuấn Minh | E31: Lập trình viên | F31: 31/3/2026
A32: 2026-03 | B32: Nhân sự nghỉ việc | C32: 4 | D32: Nguyễn Xuân Phong | E32: Lập trình viên | F32: 31/3/2026
A33: 2026-03 | B33: Nhân sự nghỉ việc | C33: 5 | D33: Ngô Xuân Bách | E33: AI Junior | F33: 31/3/2026
A34: 2026-03 | B34: Nhân sự nghỉ việc | C34: 6 | D34: Nguyễn Văn Hậu | E34: Lập trình viên | F34: 31/3/2026
A35: 2026-03 | B35: Nhân sự nghỉ việc | C35: 7 | D35: Nguyễn Thị Trang | E35: BA | F35: 31/3/2026
A36: 2026-03 | B36: Nhân sự nghỉ việc | C36: 8 | D36: Nguyễn Duy Quyết | E36: Lập trình viên | F36: 31/3/2026

Sheet Tổng hợp OT
A3: No. | B3: Name | C3: Nội dung OT | D3: Lương OT THÁNG 11/2025 | E3: Thời gian OT
A4: 1 | B4: Bùi Văn Điệp
A5: =A4+1 -> 2 | B5: Nguyễn Ngọc Anh
A6: =A5+1 -> 3 | B6: Lê Hải Linh
A7: =A6+1 -> 4 | B7: Thái Thanh Nhật Quang
A8: =A7+1 -> 5 | B8: Trần Minh Tuyết
A9: =A8+1 -> 6 | B9: Nguyễn Hữu Tuấn Minh
A10: =A9+1 -> 7 | B10: Đỗ Khánh Huyền
A11: =A10+1 -> 8 | B11: Nguyễn Tử Trường Lâm
A12: =A11+1 -> 9 | B12: Nguyễn Song Hà
A13: =A12+1 -> 10 | B13: Phạm Đăng Bình
A14: =A13+1 -> 11 | B14: Nguyễn Thị Kim Phượng
A15: =A14+1 -> 12 | B15: Nguyễn Xuân Phong
A16: =A15+1 -> 13 | B16: Phạm Thu Thủy
... A34: =A33+1 -> 31 | B34: Nguyễn Ngọc Diễm Quỳnh
A35: =A34+1 -> 32 | B35: Đỗ Văn Quân | C35: 13 ngày của T3/2026 chưa có vé xe, cty hỗ trợ 5K/ngày | D35: =13*5000 -> 65000
A36: Total chi phí OT tháng 11/2025 | D36: =SUM(D4:D35) -> 65000

Sheet Thưởng hiệu suất
H1: TH chấm công Hào gửi | O1: Theo dõi phép | P1: =SUM(P3:P37) -> 32 | Q1: =SUM(Q3:Q37) -> 24 | R1: =SUM(R3:R37) -> 30 | S1: =SUM(S3:S37) -> 18 | T1: =SUM(T3:T37) -> 37
A2: No | B2: Name | C2: Thưởng hiệu suất | D2: Ngày công tính thực tế | E2: Ghi chú | H2: Check tên | I2: Tên trên bảng lương | J2: Thưởng hiệu suất 12/2025 | K2: Ngày công tính thực tế | L2: Thưởng hiệu suất t3 | M2: Nghỉ phép T3 | N2: Ghi chú | O2: Họ và tên | P2: Phép 2025 đến hết T2/2026 | Q2: Phép 2026 hết Tháng 2/2026 | R2: Nghỉ phép T3 | S2: Phép 2025 đến hết T3/2026 | T2: Phép 2026 hết Tháng 3/2026
A3: 1 | B3: Bùi Văn Điệp | C3: =SUMIF($I$4:$I$300,$B3,$L$4:$L$300) -> 0 | D3: 22 | E3: =22-D3 -> 0 | F3: =IF(B3=H3,0,1) -> 1 | G3: 1 | H3: STT | J3: Name | K3: Ngày công thực tế | L3: Thưởng hiệu suất t3
A4: =A3+1 -> 2 | B4: Nguyễn Ngọc Anh | C4: =SUMIF($I$4:$I$300,$B4,$L$4:$L$300) -> 0 | D4: =SUMIF($I$4:$I$31,$B4,$K$4:$K$31) -> 22 | E4: =22-D4 -> 0 | F4: =IF(B4=H4,0,1) -> 1 | G4: 2 | H4: Không khớp tên | I4: Nguyễn Thị Đào | J4: Nguyễn Thị Đào | K4: 22 | M4: 1 | O4: Nguyễn Thị Đào | P4: =SUMIF([1]Sheet4!$G:$G,$O4,[1]Sheet4!$H:$H) -> 0.5 | Q4: =SUMIF([1]Sheet4!$G:$G,$O4,[1]Sheet4!$I:$I) -> 2 | R4: 1 | S4: =IF((P4-R4)<0,0,(P4-R4)) -> 0 | T4: =IF(P4<R4,(Q4+1+P4-R4),(Q4+1)) -> 2.5
A5: =A4+1 -> 3 | B5: Lê Hải Linh | C5: =SUMIF($I$4:$I$300,$B5,$L$4:$L$300) -> 225000 | D5: =SUMIF($I$4:$I$31,$B5,$K$4:$K$31) -> 10 | E5: =22-D5 -> 12 | F5: =IF(B5=H5,0,1) -> 1 | G5: 3 | H5: Không khớp tên | I5: Lê Thị Bích Liên | J5: Lê Thị Bích Liên | K5: 22 | L5: 200000 | M5: 1 | O5: Lê Thị Bích Liên | P5: =SUMIF([1]Sheet4!$G:$G,$O5,[1]Sheet4!$H:$H) -> 0 | Q5: =SUMIF([1]Sheet4!$G:$G,$O5,[1]Sheet4!$I:$I) -> 1 | R5: 1 | S5: =IF((P5-R5)<0,0,(P5-R5)) -> 0 | T5: =IF(P5<R5,(Q5+1+P5-R5),(Q5+1)) -> 1
A6: =A5+1 -> 4 | B6: Thái Thanh Nhật Quang | C6: =SUMIF($I$4:$I$300,$B6,$L$4:$L$300) -> 0 | D6: 22 | E6: =22-D6 -> 0 | F6: =IF(B6=H6,0,1) -> 1 | G6: 5 | H6: Không khớp tên | I6: Nguyễn Thị Trang | J6: Nguyễn Thị Trang | K6: 22 | M6: 2 | N6: Bù công tháng 2/2026 | O6: Nguyễn Thị Trang | P6: =SUMIF([1]Sheet4!$G:$G,$O6,[1]Sheet4!$H:$H) -> 0 | Q6: =SUMIF([1]Sheet4!$G:$G,$O6,[1]Sheet4!$I:$I) -> 1 | R6: 2 | S6: =IF((P6-R6)<0,0,(P6-R6)) -> 0 | T6: =IF(P6<R6,(Q6+1+P6-R6),(Q6+1)) -> 0
A7: =A6+1 -> 5 | B7: Trần Minh Tuyết | C7: =SUMIF($I$4:$I$300,$B7,$L$4:$L$300) -> 0 | D7: 22 | E7: =22-D7 -> 0 | F7: =IF(B7=H7,0,1) -> 1 | G7: 6 | H7: Không khớp tên | I7: Nguyễn Văn Hậu | J7: Nguyễn Văn Hậu | K7: 22 | L7: 125000 | M7: 1 | N7: Cập nhật 3h15 ngày 8/4/2026 | O7: Nguyễn Văn Hậu | P7: =SUMIF([1]Sheet4!$G:$G,$O7,[1]Sheet4!$H:$H) -> 3.5 | Q7: =SUMIF([1]Sheet4!$G:$G,$O7,[1]Sheet4!$I:$I) -> 2 | R7: 1 | S7: =IF((P7-R7)<0,0,(P7-R7)) -> 2.5 | T7: =IF(P7<R7,(Q7+1+P7-R7),(Q7+1)) -> 3
A8: =A7+1 -> 6 | B8: Nguyễn Hữu Tuấn Minh | C8: =SUMIF($I$4:$I$300,$B8,$L$4:$L$300) -> 450000 | D8: =SUMIF($I$4:$I$31,$B8,$K$4:$K$31) -> 22 | E8: =22-D8 -> 0 | F8: =IF(B8=H8,0,1) -> 1 | G8: 7 | H8: Không khớp tên | I8: Nguyễn Ngọc Diễm Quỳnh | J8: Nguyễn Ngọc Diễm Quỳnh | K8: 22 | M8: 1 | O8: Nguyễn Ngọc Diễm Quỳnh | P8: =SUMIF([1]Sheet4!$G:$G,$O8,[1]Sheet4!$H:$H) -> 0 | Q8: =SUMIF([1]Sheet4!$G:$G,$O8,[1]Sheet4!$I:$I) -> 0 | R8: 1 | S8: =IF((P8-R8)<0,0,(P8-R8)) -> 0 | T8: =IF(P8<R8,(Q8+1+P8-R8),(Q8+1)) -> 0
A9: =A8+1 -> 7 | B9: Đỗ Khánh Huyền | C9: =SUMIF($I$4:$I$300,$B9,$L$4:$L$300) -> 50000 | D9: 22 | E9: =22-D9 -> 0 | F9: =IF(B9=H9,0,1) -> 1 | G9: 8 | H9: Không khớp tên | I9: Trương Thị Phương Trang | J9: Trương Ngọc Phương Trang | K9: 0 | O9: Trương Ngọc Phương Trang | P9: =SUMIF([1]Sheet4!$G:$G,$O9,[1]Sheet4!$H:$H) -> 0 | Q9: =SUMIF([1]Sheet4!$G:$G,$O9,[1]Sheet4!$I:$I) -> 0 | S9: =IF((P9-R9)<0,0,(P9-R9)) -> 0 | T9: =IF(P9<R9,(Q9+1+P9-R9),(Q9+1)) -> 1
A10: =A9+1 -> 8 | B10: Nguyễn Tử Trường Lâm | C10: =SUMIF($I$4:$I$300,$B10,$L$4:$L$300) -> 0 | D10: =SUMIF($I$4:$I$31,$B10,$K$4:$K$31) -> 22 | E10: =22-D10 -> 0 | F10: =IF(B10=H10,0,1) -> 1 | G10: 9 | H10: Không khớp tên | I10: Hoàng Văn Lâm | J10: Hoàng Văn Lâm | K10: 22 | L10: 50000 | M10: 2 | O10: Hoàng Văn Lâm | P10: =SUMIF([1]Sheet4!$G:$G,$O10,[1]Sheet4!$H:$H) -> 0 | Q10: =SUMIF([1]Sheet4!$G:$G,$O10,[1]Sheet4!$I:$I) -> -1 | R10: 2 | S10: =IF((P10-R10)<0,0,(P10-R10)) -> 0 | T10: =IF(P10<R10,(Q10+1+P10-R10),(Q10+1)) -> -2
A11: =A10+1 -> 9 | B11: Nguyễn Song Hà | C11: =SUMIF($I$4:$I$300,$B11,$L$4:$L$300) -> 0 | D11: 22 | E11: =22-D11 -> 0 | F11: =IF(B11=H11,0,1) -> 1 | G11: 11 | H11: Không khớp tên | I11: Mẫn Thị Lan | J11: Mẫn Thị Lan | K11: 22 | M11: 1 | O11: Mẫn Thị Lan | P11: =SUMIF([1]Sheet4!$G:$G,$O11,[1]Sheet4!$H:$H) -> 0 | Q11: =SUMIF([1]Sheet4!$G:$G,$O11,[1]Sheet4!$I:$I) -> 1 | R11: 1 | S11: =IF((P11-R11)<0,0,(P11-R11)) -> 0 | T11: =IF(P11<R11,(Q11+1+P11-R11),(Q11+1)) -> 1
A12: =A11+1 -> 10 | B12: Phạm Đăng Bình | C12: =SUMIF($I$4:$I$300,$B12,$L$4:$L$300) -> 0 | D12: =SUMIF($I$4:$I$31,$B12,$K$4:$K$31) -> 22 | E12: =22-D12 -> 0 | F12: =IF(B12=H12,0,1) -> 1 | G12: 12 | H12: =VLOOKUP(J12,B:B,1,0) -> Bùi Xuân Lực | I12: Bùi Xuân Lực | J12: Bùi Xuân Lực | K12: 22 | M12: 1 | O12: Bùi Xuân Lực | P12: =SUMIF([1]Sheet4!$G:$G,$O12,[1]Sheet4!$H:$H) -> 0 | Q12: =SUMIF([1]Sheet4!$G:$G,$O12,[1]Sheet4!$I:$I) -> -0.5 | R12: 1 | S12: =IF((P12-R12)<0,0,(P12-R12)) -> 0 | T12: =IF(P12<R12,(Q12+1+P12-R12),(Q12+1)) -> -0.5
A13: =A12+1 -> 11 | B13: Nguyễn Thị Kim Phượng | C13: =SUMIF($I$4:$I$300,$B13,$L$4:$L$300) -> 0 | D13: =SUMIF($I$4:$I$31,$B13,$K$4:$K$31) -> 22 | E13: =22-D13 -> 0 | F13: =IF(B13=H13,0,1) -> 1 | G13: 14 | H13: Không khớp tên | I13: Lê Thị Hạnh | J13: Lê Thị Hạnh | K13: 22 | O13: Lê Thị Hạnh | P13: =SUMIF([1]Sheet4!$G:$G,$O13,[1]Sheet4!$H:$H) -> 0 | Q13: =SUMIF([1]Sheet4!$G:$G,$O13,[1]Sheet4!$I:$I) -> 0 | S13: =IF((P13-R13)<0,0,(P13-R13)) -> 0 | T13: =IF(P13<R13,(Q13+1+P13-R13),(Q13+1)) -> 1
A14: =A13+1 -> 12 | B14: Nguyễn Xuân Phong | C14: =SUMIF($I$4:$I$300,$B14,$L$4:$L$300) -> 0 | D14: 22 | E14: =22-D14 -> 0 | F14: Tháng 3 reote | G14: 15 | H14: =VLOOKUP(J14,B:B,1,0) -> Bùi Văn Điệp | I14: Bùi Văn Điệp | J14: Bùi Văn Điệp | O14: Bùi Văn Điệp | P14: =SUMIF([1]Sheet4!$G:$G,$O14,[1]Sheet4!$H:$H) -> 0 | Q14: =SUMIF([1]Sheet4!$G:$G,$O14,[1]Sheet4!$I:$I) -> 0 | S14: =IF((P14-R14)<0,0,(P14-R14)) -> 0 | T14: =IF(P14<R14,(Q14+1+P14-R14),(Q14+1)) -> 1
A15: =A14+1 -> 13 | B15: Phạm Thu Thủy | C15: =SUMIF($I$4:$I$300,$B15,$L$4:$L$300) -> 0 | D15: 22 | E15: =22-D15 -> 0 | F15: =IF(B15=H15,0,1) -> 1 | G15: 16 | H15: =VLOOKUP(J15,B:B,1,0) -> Nguyễn Ngọc Anh | I15: Nguyễn Ngọc Anh | J15: Nguyễn Ngọc Anh | K15: 22 | O15: Nguyễn Ngọc Anh | P15: =SUMIF([1]Sheet4!$G:$G,$O15,[1]Sheet4!$H:$H) -> 0 | Q15: =SUMIF([1]Sheet4!$G:$G,$O15,[1]Sheet4!$I:$I) -> 2 | S15: =IF((P15-R15)<0,0,(P15-R15)) -> 0 | T15: =IF(P15<R15,(Q15+1+P15-R15),(Q15+1)) -> 3
A16: =A15+1 -> 14 | B16: Ngô Xuân Bách | C16: =SUMIF($I$4:$I$300,$B16,$L$4:$L$300) -> 450000 | D16: =SUMIF($I$4:$I$31,$B16,$K$4:$K$31) -> 21 | E16: =22-D16 -> 1 | F16: =IF(B16=H16,0,1) -> 1 | G16: 17 | H16: =VLOOKUP(J16,B:B,1,0) -> Lê Hải Linh | I16: Lê Hải Linh | J16: Lê Hải Linh | K16: 10 | L16: 225000 | N16: Cập nhật 2h45 ngày 8/4/2026 | O16: Lê Hải Linh | P16: =SUMIF([1]Sheet4!$G:$G,$O16,[1]Sheet4!$H:$H) -> 0 | Q16: =SUMIF([1]Sheet4!$G:$G,$O16,[1]Sheet4!$I:$I) -> -1.5 | S16: =IF((P16-R16)<0,0,(P16-R16)) -> 0 | T16: =IF(P16<R16,(Q16+1+P16-R16),(Q16+1)) -> -0.5
A17: =A16+1 -> 15 | B17: Lý Ngọc Chi | C17: =SUMIF($I$4:$I$300,$B17,$L$4:$L$300) -> 0 | D17: =SUMIF($I$4:$I$31,$B17,$K$4:$K$31) -> 22 | E17: =22-D17 -> 0 | F17: =IF(B17=H17,0,1) -> 1 | G17: 20 | H17: =VLOOKUP(J17,B:B,1,0) -> Thái Thanh Nhật Quang | I17: Thái Thanh Nhật Quang | J17: Thái Thanh Nhật Quang | O17: Thái Thanh Nhật Quang | P17: =SUMIF([1]Sheet4!$G:$G,$O17,[1]Sheet4!$H:$H) -> 0 | Q17: =SUMIF([1]Sheet4!$G:$G,$O17,[1]Sheet4!$I:$I) -> 0 | S17: =IF((P17-R17)<0,0,(P17-R17)) -> 0 | T17: =IF(P17<R17,(Q17+1+P17-R17),(Q17+1)) -> 1
A18: =A17+1 -> 16 | B18: Dương Việt Dũng | C18: =SUMIF($I$4:$I$300,$B18,$L$4:$L$300) -> 0 | D18: =SUMIF($I$4:$I$31,$B18,$K$4:$K$31) -> 22 | E18: =22-D18 -> 0 | F18: =IF(B18=H18,0,1) -> 1 | G18: 21 | H18: =VLOOKUP(J18,B:B,1,0) -> Trần Minh Tuyết | I18: Trần Minh Tuyết | J18: Trần Minh Tuyết | K18: 9 | O18: Trần Minh Tuyết | P18: =SUMIF([1]Sheet4!$G:$G,$O18,[1]Sheet4!$H:$H) -> 4.5 | Q18: =SUMIF([1]Sheet4!$G:$G,$O18,[1]Sheet4!$I:$I) -> 2 | S18: =IF((P18-R18)<0,0,(P18-R18)) -> 4.5 | T18: =IF(P18<R18,(Q18+1+P18-R18),(Q18+1)) -> 3
A19: =A18+1 -> 17 | B19: Nguyễn Thị Đào | C19: =SUMIF($I$4:$I$300,$B19,$L$4:$L$300) -> 0 | D19: =SUMIF($I$4:$I$31,$B19,$K$4:$K$31) -> 22 | E19: =22-D19 -> 0 | F19: =IF(B19=H19,0,1) -> 1 | G19: 22 | H19: Không khớp tên | I19: Nguyễn Hữu Tuấn Minh | J19: Nguyễn Hữu Tuấn Minh | K19: 22 | L19: 450000 | M19: 1 | O19: Nguyễn Hữu Tuấn Minh | P19: =SUMIF([1]Sheet4!$G:$G,$O19,[1]Sheet4!$H:$H) -> 0 | Q19: =SUMIF([1]Sheet4!$G:$G,$O19,[1]Sheet4!$I:$I) -> 0 | R19: 1 | S19: =IF((P19-R19)<0,0,(P19-R19)) -> 0 | T19: =IF(P19<R19,(Q19+1+P19-R19),(Q19+1)) -> 0
A20: =A19+1 -> 18 | B20: Nguyễn Thị Hồng | C20: =SUMIF($I$4:$I$300,$B20,$L$4:$L$300) -> 0 | D20: =SUMIF($I$4:$I$31,$B20,$K$4:$K$31) -> 22 | E20: =22-D20 -> 0 | F20: =IF(B20=H20,0,1) -> 1 | G20: 23 | H20: =VLOOKUP(J20,B:B,1,0) -> Nguyễn Tử Trường Lâm | I20: Nguyễn Tử Trường Lâm | J20: Nguyễn Tử Trường Lâm | K20: 22 | M20: 3,5 | O20: Nguyễn Tử Trường Lâm | P20: =SUMIF([1]Sheet4!$G:$G,$O20,[1]Sheet4!$H:$H) -> 8 | Q20: =SUMIF([1]Sheet4!$G:$G,$O20,[1]Sheet4!$I:$I) -> 2 | R20: 3.5 | S20: =IF((P20-R20)<0,0,(P20-R20)) -> 4.5 | T20: =IF(P20<R20,(Q20+1+P20-R20),(Q20+1)) -> 3
A21: =A20+1 -> 19 | B21: Hoàng Văn Lâm | C21: =SUMIF($I$4:$I$300,$B21,$L$4:$L$300) -> 50000 | D21: =SUMIF($I$4:$I$31,$B21,$K$4:$K$31) -> 22 | E21: =22-D21 -> 0 | F21: =IF(B21=H21,0,1) -> 1 | G21: 24 | H21: Không khớp tên | I21: Nguyễn Song Hà | J21: Nguyễn Song Hà | O21: Nguyễn Song Hà | P21: =SUMIF([1]Sheet4!$G:$G,$O21,[1]Sheet4!$H:$H) -> 0 | Q21: =SUMIF([1]Sheet4!$G:$G,$O21,[1]Sheet4!$I:$I) -> 0 | S21: =IF((P21-R21)<0,0,(P21-R21)) -> 0 | T21: =IF(P21<R21,(Q21+1+P21-R21),(Q21+1)) -> 1
A22: =A21+1 -> 20 | B22: Nguyễn Duy Quyết | C22: =SUMIF($I$4:$I$300,$B22,$L$4:$L$300) -> 50000 | D22: =SUMIF($I$4:$I$31,$B22,$K$4:$K$31) -> 22 | E22: =22-D22 -> 0 | F22: =IF(B22=H22,0,1) -> 1 | G22: 25 | H22: =VLOOKUP(J22,B:B,1,0) -> Nguyễn Thị Kim Phượng | I22: Nguyễn Thị Kim Phượng | J22: Nguyễn Thị Kim Phượng | K22: 22 | M22: 3.5 | O22: Nguyễn Thị Kim Phượng | P22: =SUMIF([1]Sheet4!$G:$G,$O22,[1]Sheet4!$H:$H) -> 3 | Q22: =SUMIF([1]Sheet4!$G:$G,$O22,[1]Sheet4!$I:$I) -> 2 | R22: 3.5 | S22: =IF((P22-R22)<0,0,(P22-R22)) -> 0 | T22: =IF(P22<R22,(Q22+1+P22-R22),(Q22+1)) -> 2.5
A23: =A22+1 -> 21 | B23: Bùi Xuân Lực | C23: =SUMIF($I$4:$I$300,$B23,$L$4:$L$300) -> 0 | D23: =SUMIF($I$4:$I$31,$B23,$K$4:$K$31) -> 22 | E23: =22-D23 -> 0 | F23: =IF(B23=H23,0,1) -> 1 | G23: 26 | H23: =VLOOKUP(J23,B:B,1,0) -> Phạm Thu Thủy | I23: Phạm Thu Thủy | J23: Phạm Thu Thủy | O23: Phạm Thu Thủy | P23: =SUMIF([1]Sheet4!$G:$G,$O23,[1]Sheet4!$H:$H) -> 0 | Q23: =SUMIF([1]Sheet4!$G:$G,$O23,[1]Sheet4!$I:$I) -> 0 | S23: =IF((P23-R23)<0,0,(P23-R23)) -> 0 | T23: =IF(P23<R23,(Q23+1+P23-R23),(Q23+1)) -> 1
A24: =A23+1 -> 22 | B24: Nguyễn Văn Hậu | C24: =SUMIF($I$4:$I$300,$B24,$L$4:$L$300) -> 125000 | D24: =SUMIF($I$4:$I$31,$B24,$K$4:$K$31) -> 22 | E24: =22-D24 -> 0 | F24: =IF(B24=H24,0,1) -> 1 | G24: 27 | H24: =VLOOKUP(J24,B:B,1,0) -> Ngô Xuân Bách | I24: Ngô Xuân Bách | J24: Ngô Xuân Bách | K24: 21 | L24: 450000 | M24: 0,5 | O24: Ngô Xuân Bách | P24: =SUMIF([1]Sheet4!$G:$G,$O24,[1]Sheet4!$H:$H) -> 3 | Q24: =SUMIF([1]Sheet4!$G:$G,$O24,[1]Sheet4!$I:$I) -> 2 | R24: 0.5 | S24: =IF((P24-R24)<0,0,(P24-R24)) -> 2.5 | T24: =IF(P24<R24,(Q24+1+P24-R24),(Q24+1)) -> 3
A25: =A24+1 -> 23 | B25: Mẫn Thị Lan | C25: =SUMIF($I$4:$I$300,$B25,$L$4:$L$300) -> 0 | D25: =SUMIF($I$4:$I$31,$B25,$K$4:$K$31) -> 22 | E25: =22-D25 -> 0 | F25: =IF(B25=H25,0,1) -> 1 | G25: 28 | H25: Không khớp tên | I25: Lý Ngọc Chi | J25: Lý Ngọc Chi | K25: 22 | M25: 2 | O25: Lý Ngọc Chi | P25: =SUMIF([1]Sheet4!$G:$G,$O25,[1]Sheet4!$H:$H) -> 4.5 | Q25: =SUMIF([1]Sheet4!$G:$G,$O25,[1]Sheet4!$I:$I) -> 2 | R25: 2 | S25: =IF((P25-R25)<0,0,(P25-R25)) -> 2.5 | T25: =IF(P25<R25,(Q25+1+P25-R25),(Q25+1)) -> 3
A26: =A25+1 -> 24 | B26: Lê Thị Hạnh | C26: =SUMIF($I$4:$I$300,$B26,$L$4:$L$300) -> 0 | D26: =SUMIF($I$4:$I$31,$B26,$K$4:$K$31) -> 22 | E26: =22-D26 -> 0 | F26: =IF(B26=H26,0,1) -> 1 | G26: 29 | H26: Không khớp tên | I26: Dương Việt Dũng | J26: Dương Việt Dũng | K26: 22 | O26: Dương Việt Dũng | P26: =SUMIF([1]Sheet4!$G:$G,$O26,[1]Sheet4!$H:$H) -> 0 | Q26: =SUMIF([1]Sheet4!$G:$G,$O26,[1]Sheet4!$I:$I) -> 1.5 | S26: =IF((P26-R26)<0,0,(P26-R26)) -> 0 | T26: =IF(P26<R26,(Q26+1+P26-R26),(Q26+1)) -> 2.5
A27: =A26+1 -> 25 | B27: Nguyễn Thị Trang | C27: =SUMIF($I$4:$I$300,$B27,$L$4:$L$300) -> 0 | D27: =SUMIF($I$4:$I$31,$B27,$K$4:$K$31) -> 22 | E27: =22-D27 -> 0 | F27: =IF(B27=H27,0,1) -> 1 | G27: 30 | H27: =VLOOKUP(J27,B:B,1,0) -> Phan Thị Nguyệt Ánh | I27: Phan Thị Nguyệt Ánh | J27: Phan Thị Nguyệt Ánh | K27: 22 | M27: 1 | O27: Phan Thị Nguyệt Ánh | P27: =SUMIF([1]Sheet4!$G:$G,$O27,[1]Sheet4!$H:$H) -> 0 | Q27: =SUMIF([1]Sheet4!$G:$G,$O27,[1]Sheet4!$I:$I) -> 0 | R27: 1 | S27: =IF((P27-R27)<0,0,(P27-R27)) -> 0 | T27: =IF(P27<R27,(Q27+1+P27-R27),(Q27+1)) -> 0
A28: =A27+1 -> 26 | B28: Lê Hà Đức | C28: =SUMIF($I$4:$I$300,$B28,$L$4:$L$300) -> 0 | D28: 22 | E28: =22-D28 -> 0 | F28: =IF(B28=H28,0,1) -> 1 | G28: 31 | H28: =VLOOKUP(J28,B:B,1,0) -> Nguyễn Mạnh Tuấn | I28: Nguyễn Mạnh Tuấn | J28: Nguyễn Mạnh Tuấn | K28: 22 | L28: 50000 | M28: 0,5 | O28: Nguyễn Mạnh Tuấn | P28: =SUMIF([1]Sheet4!$G:$G,$O28,[1]Sheet4!$H:$H) -> 0 | Q28: =SUMIF([1]Sheet4!$G:$G,$O28,[1]Sheet4!$I:$I) -> 0.5 | R28: 0.5 | S28: =IF((P28-R28)<0,0,(P28-R28)) -> 0 | T28: =IF(P28<R28,(Q28+1+P28-R28),(Q28+1)) -> 1
A29: =A28+1 -> 27 | B29: Lê Thị Bích Liên | C29: =SUMIF($I$4:$I$300,$B29,$L$4:$L$300) -> 200000 | D29: =SUMIF($I$4:$I$31,$B29,$K$4:$K$31) -> 22 | E29: =22-D29 -> 0 | F29: =IF(B29=H29,0,1) -> 1 | G29: 33 | H29: Không khớp tên | I29: Nguyễn Thị Hồng | J29: Nguyễn Thị Hồng | K29: 22 | M29: 0,5 | O29: Nguyễn Thị Hồng | P29: 2 | Q29: 2 | R29: 0.5 | S29: =IF((P29-R29)<0,0,(P29-R29)) -> 1.5 | T29: =IF(P29<R29,(Q29+1+P29-R29),(Q29+1)) -> 3
A30: =A29+1 -> 28 | B30: Nguyễn Mạnh Tuấn | C30: =SUMIF($I$4:$I$300,$B30,$L$4:$L$300) -> 50000 | D30: =SUMIF($I$4:$I$31,$B30,$K$4:$K$31) -> 22 | E30: =22-D30 -> 0 | F30: =IF(B30=H30,0,1) -> 1 | G30: 34 | H30: Không khớp tên | I30: Phạm Đăng Bình | J30: Phạm Đăng Bình | K30: 22 | M30: 3 | O30: Phạm Đăng Bình | P30: =SUMIF([1]Sheet4!$G:$G,$O30,[1]Sheet4!$H:$H) -> 1.5 | Q30: =SUMIF([1]Sheet4!$G:$G,$O30,[1]Sheet4!$I:$I) -> 2 | R30: 3 | S30: =IF((P30-R30)<0,0,(P30-R30)) -> 0 | T30: =IF(P30<R30,(Q30+1+P30-R30),(Q30+1)) -> 1.5
A31: =A30+1 -> 29 | B31: Phan Thị Nguyệt Ánh | C31: =SUMIF($I$4:$I$300,$B31,$L$4:$L$300) -> 0 | D31: =SUMIF($I$4:$I$31,$B31,$K$4:$K$31) -> 22 | E31: =22-D31 -> 0 | F31: =IF(B31=H31,0,1) -> 1 | G31: 36 | H31: Không khớp tên | I31: Nguyễn Duy Quyết | J31: Nguyễn Duy Quyết | K31: 22 | L31: 50000 | M31: 1 | N31: Cập nhật 2h45 ngày 8/4/2026 | O31: Nguyễn Duy Quyết | P31: =SUMIF([1]Sheet4!$G:$G,$O31,[1]Sheet4!$H:$H) -> 0 | Q31: =SUMIF([1]Sheet4!$G:$G,$O31,[1]Sheet4!$I:$I) -> 0 | R31: 1 | S31: =IF((P31-R31)<0,0,(P31-R31)) -> 0 | T31: =IF(P31<R31,(Q31+1+P31-R31),(Q31+1)) -> 0
A32: =A31+1 -> 30 | B32: Nguyễn Hải Minh | C32: =SUMIF($I$4:$I$300,$B32,$L$4:$L$300) -> 0 | D32: 22 | F32: Tháng 3 chưa đăng ký đc tên chấm công | H32: Không khớp tên | I32: Đỗ Khánh Huyền | J32: Đỗ Khánh Huyền | K32: 22 | L32: 50000 | M32: 3,5 | O32: Đỗ Khánh Huyền | P32: 1.5 | Q32: 2 | R32: 3.5 | S32: =IF((P32-R32)<0,0,(P32-R32)) -> 0 | T32: =IF(P32<R32,(Q32+1+P32-R32),(Q32+1)) -> 1
A33: =A32+1 -> 31 | B33: Nguyễn Ngọc Diễm Quỳnh | C33: =SUMIF($I$4:$I$300,$B33,$L$4:$L$300) -> 0 | D33: =SUMIF($I$4:$I$31,$B33,$K$4:$K$31) -> 22 | E33: =22-D33 -> 0 | F33: =IF(B33=H33,0,1) -> 1 | J33: Đỗ Văn Quân | O33: Đỗ Văn Quân
A34: =A33+1 -> 32 | B34: Đỗ Văn Quân | C34: =SUMIF($I$4:$I$300,$B34,$L$4:$L$300) -> 0 | D34: 22 | E34: =22-D34 -> 0 | F34: Chị Tuyết tự check
A35: =A34+1 -> 33 | B35: Trương Ngọc Phương Trang | C35: =SUMIF($I$4:$I$300,$B35,$L$4:$L$300) -> 0 | D35: 22 | E35: =22-D35 -> 0 | F35: =IF(B35=H35,0,1) -> 1
A36: Cộng | C36: =SUM(C3:C34) -> 1650000 | D36: =SUM(D3:D34) -> 691 | E36: =SUM(E3:E34) -> 13
C37: 3475000 | D37: 620 | E37: Tâm cộng thiếu 1 dòng

Sheet BCC 
A1: Chi Tiết Chấm Công
A2: ID Người | B2: Tên | C2: Bộ phận | D2: Thời gian | E2: Check in | F2: Check out | G2: kiểm tra checkin | H2: lý do | I2: kiểm tra check out | J2: lý do
A3: 6 | B3: Trần Thị Thủy | C3: Lead | D3: 46023 | E3: - | F3: -
A4: 6 | B4: Trần Thị Thủy | C4: Lead | D4: 46024 | E4: - | F4: -
A5: 6 | B5: Trần Thị Thủy | C5: Lead | D5: 46025 | E5: - | F5: -
A6: 6 | B6: Trần Thị Thủy | C6: Lead | D6: 46026 | E6: - | F6: -
A7: 6 | B7: Trần Thị Thủy | C7: Lead | D7: 46027 | E7: - | F7: -
A8: 6 | B8: Trần Thị Thủy | C8: Lead | D8: 46028 | E8: - | F8: -
A9: 6 | B9: Trần Thị Thủy | C9: Lead | D9: 46029 | E9: - | F9: -
A10: 6 | B10: Trần Thị Thủy | C10: Lead | D10: 46030 | E10: - | F10: -
A11: 6 | B11: Trần Thị Thủy | C11: Lead | D11: 46031 | E11: - | F11: -
A12: 6 | B12: Trần Thị Thủy | C12: Lead | D12: 46032 | E12: - | F12: -
A13: 6 | B13: Trần Thị Thủy | C13: Lead | D13: 46033 | E13: - | F13: -
A14: 6 | B14: Trần Thị Thủy | C14: Lead | D14: 46034 | E14: - | F14: -
... A70: 12 | B70: Lê Thị Bích Liên | C70: BSM | D70: 46026 | E70: - | F70: -
A71: 12 | B71: Lê Thị Bích Liên | C71: BSM | D71: 46027 | E71: 0.35439815 | F71: 0.80302083
A72: Thời gian vào: 2026-01-05 08:30:20 | B72: Thời gian ra: 2026-01-05 19:16:21 | C72: Thời lượng theo dõi:646 phút
A73: 12 | B73: Lê Thị Bích Liên | C73: BSM | D73: 46028 | E73: 0.35835648 | F73: -
A74: Thời gian vào: 2026-01-06 08:36:02 | B74: Thời gian ra: | C74: Thời lượng theo dõi:0 phút
A75: 12 | B75: Lê Thị Bích Liên | C75: BSM | D75: 46029 | E75: 0.35519676 | F75: -
A76: Thời gian vào: 2026-01-07 08:31:29 | B76: Thời gian ra: | C76: Thời lượng theo dõi:0 phút
A77: 12 | B77: Lê Thị Bích Liên | C77: BSM | D77: 46030 | E77: 0.36199074 | F77: 0.88561343
A78: Thời gian vào: 2026-01-08 08:41:16 | B78: Thời gian ra: 2026-01-08 21:15:17 | C78: Thời lượng theo dõi:754 phút
A79: 12 | B79: Lê Thị Bích Liên | C79: BSM | D79: 46031 | E79: 0.36547454 | F79: 0.76931713
A80: Thời gian vào: 2026-01-09 08:46:17 | B80: Thời gian ra: 2026-01-09 18:27:49 | C80: Thời lượng theo dõi:582 phút
A81: 12 | B81: Lê Thị Bích Liên | C81: BSM | D81: 46032 | E81: - | F81: -
A82: 12 | B82: Lê Thị Bích Liên | C82: BSM | D82: 46033 | E82: - | F82: -
A83: 12 | B83: Lê Thị Bích Liên | C83: BSM | D83: 46034 | E83: 0.359375 | F83: -
A84: Thời gian vào: 2026-01-12 08:37:30 | B84: Thời gian ra: | C84: Thời lượng theo dõi:0 phút
A85: 12 | B85: Lê Thị Bích Liên | C85: BSM | D85: 46035 | E85: 0.3546875 | F85: 0.79873843
A86: Thời gian vào: 2026-01-13 08:30:45 | B86: Thời gian ra: 2026-01-13 19:10:11 | C86: Thời lượng theo dõi:639 phút
A87: 12 | B87: Lê Thị Bích Liên | C87: BSM | D87: 46036 | E87: 0.36478009 | F87: 0.80167824
A88: Thời gian vào: 2026-01-14 08:45:17 | B88: Thời gian ra: 2026-01-14 19:14:25 | C88: Thời lượng theo dõi:629 phút
A89: 12 | B89: Lê Thị Bích Liên | C89: BSM | D89: 46037 | E89: 0.36390046 | F89: 0.92092593
A90: Thời gian vào: 2026-01-15 08:44:01 | B90: Thời gian ra: 2026-01-15 22:06:08 | C90: Thời lượng theo dõi:802 phút
A91: 12 | B91: Lê Thị Bích Liên | C91: BSM | D91: 46038 | E91: 0.36203704 | F91: 0.81549769
A92: Thời gian vào: 2026-01-16 08:41:20 | B92: Thời gian ra: 2026-01-16 19:34:19 | C92: Thời lượng theo dõi:653 phút
A93: 12 | B93: Lê Thị Bích Liên | C93: BSM | D93: 46039 | E93: - | F93: -
A94: 12 | B94: Lê Thị Bích Liên | C94: BSM | D94: 46040 | E94: - | F94: -
A95: 12 | B95: Lê Thị Bích Liên | C95: BSM | D95: 46041 | E95: 0.36458333 | F95: 0.79418981
A96: Thời gian vào: 2026-01-19 08:45:00 | B96: Thời gian ra: 2026-01-19 19:03:38 | C96: Thời lượng theo dõi:619 phút
A97: 12 | B97: Lê Thị Bích Liên | C97: BSM | D97: 46042 | E97: 0.36350694 | F97: 0.75815972
A98: Thời gian vào: 2026-01-20 08:43:27 | B98: Thời gian ra: 2026-01-20 18:11:45 | C98: Thời lượng theo dõi:568 phút
A99: 12 | B99: Lê Thị Bích Liên | C99: BSM | D99: 46043 | E99: - | F99: -
A100: 12 | B100: Lê Thị Bích Liên | C100: BSM | D100: 46044 | E100: 0.36553241 | F100: 0.76453704
A101: Thời gian vào: 2026-01-22 08:46:22 | B101: Thời gian ra: 2026-01-22 18:20:56 | C101: Thời lượng theo dõi:575 phút
A102: 12 | B102: Lê Thị Bích Liên | C102: BSM | D102: 46045 | E102: 0.3672338 | F102: 0.76121528
A103: Thời gian vào: 2026-01-23 08:48:49 | B103: Thời gian ra: 2026-01-23 18:16:09 | C103: Thời lượng theo dõi:567 phút
A104: 12 | B104: Lê Thị Bích Liên | C104: BSM | D104: 46046 | E104: - | F104: -
A105: 12 | B105: Lê Thị Bích Liên | C105: BSM | D105: 46047 | E105: - | F105: -
A106: 12 | B106: Lê Thị Bích Liên | C106: BSM | D106: 46048 | E106: 0.36793981 | F106: 0.86365741
A107: Thời gian vào: 2026-01-26 08:49:50 | B107: Thời gian ra: 2026-01-26 20:43:40 | C107: Thời lượng theo dõi:714 phút
A108: 12 | B108: Lê Thị Bích Liên | C108: BSM | D108: 46049 | E108: 0.3675 | F108: 0.83640046
A109: Thời gian vào: 2026-01-27 08:49:12 | B109: Thời gian ra: 2026-01-27 20:04:25 | C109: Thời lượng theo dõi:675 phút
A110: 12 | B110: Lê Thị Bích Liên | C110: BSM | D110: 46050 | E110: 0.36787037 | F110: 0.81439815
A111: Thời gian vào: 2026-01-28 08:49:44 | B111: Thời gian ra: 2026-01-28 19:32:44 | C111: Thời lượng theo dõi:643 phút
A112: 12 | B112: Lê Thị Bích Liên | C112: BSM | D112: 46051 | E112: - | F112: -
A113: 12 | B113: Lê Thị Bích Liên | C113: BSM | D113: 46052 | E113: 0.35199074 | F113: 0.76858796
A114: Thời gian vào: 2026-01-30 08:26:52 | B114: Thời gian ra: 2026-01-30 18:26:46 | C114: Thời lượng theo dõi:600 phút
A115: 12 | B115: Lê Thị Bích Liên | C115: BSM | D115: 46053 | E115: - | F115: -
A116: 12 | B116: Lê Thị Bích Liên | C116: BSM | D116: 46054 | E116: - | F116: -
A117: 16 | B117: Test | C117: Lead | D117: 46023 | E117: - | F117: -
A118: 16 | B118: Test | C118: Lead | D118: 46024 | E118: - | F118: -
A119: 16 | B119: Test | C119: Lead | D119: 46025 | E119: - | F119: -
A120: 16 | B120: Test | C120: Lead | D120: 46026 | E120: - | F120: -
A121: 16 | B121: Test | C121: Lead | D121: 46027 | E121: - | F121: -
A122: 16 | B122: Test | C122: Lead | D122: 46028 | E122: - | F122: -
A123: 16 | B123: Test | C123: Lead | D123: 46029 | E123: - | F123: -
A124: 16 | B124: Test | C124: Lead | D124: 46030 | E124: - | F124: -
A125: 16 | B125: Test | C125: Lead | D125: 46031 | E125: - | F125: -
A126: 16 | B126: Test | C126: Lead | D126: 46032 | E126: - | F126: -
... A160: 17 | B160: Nguyễn Thị Trang | C160: BSM | D160: 46034 | E160: - | F160: -
A161: 17 | B161: Nguyễn Thị Trang | C161: BSM | D161: 46035 | E161: 0.3537037 | F161: 0.72994213
A162: Thời gian vào: 2026-01-13 08:29:20 | B162: Thời gian ra: 2026-01-13 17:31:07 | C162: Thời lượng theo dõi:542 phút
A163: 17 | B163: Nguyễn Thị Trang | C163: BSM | D163: 46036 | E163: - | F163: -
A164: 17 | B164: Nguyễn Thị Trang | C164: BSM | D164: 46037 | E164: 0.34980324 | F164: 0.73003472
A165: Thời gian vào: 2026-01-15 08:23:43 | B165: Thời gian ra: 2026-01-15 17:31:15 | C165: Thời lượng theo dõi:548 phút
A166: 17 | B166: Nguyễn Thị Trang | C166: BSM | D166: 46038 | E166: 0.34939815 | F166: 0.73217593
A167: Thời gian vào: 2026-01-16 08:23:08 | B167: Thời gian ra: 2026-01-16 17:34:20 | C167: Thời lượng theo dõi:551 phút
A168: 17 | B168: Nguyễn Thị Trang | C168: BSM | D168: 46039 | E168: - | F168: -
A169: 17 | B169: Nguyễn Thị Trang | C169: BSM | D169: 46040 | E169: - | F169: -
A170: 17 | B170: Nguyễn Thị Trang | C170: BSM | D170: 46041 | E170: 0.35403935 | F170: 0.7316088
A171: Thời gian vào: 2026-01-19 08:29:49 | B171: Thời gian ra: 2026-01-19 17:33:31 | C171: Thời lượng theo dõi:544 phút
A172: 17 | B172: Nguyễn Thị Trang | C172: BSM | D172: 46042 | E172: 0.36069444 | F172: 0.50171296
A173: Thời gian vào: 2026-01-20 08:39:24 | B173: Thời gian ra: 2026-01-20 12:02:28 | C173: Thời lượng theo dõi:203 phút
A174: 17 | B174: Nguyễn Thị Trang | C174: BSM | D174: 46043 | E174: 0.35101852 | F174: 0.73008102
A175: Thời gian vào: 2026-01-21 08:25:28 | B175: Thời gian ra: 2026-01-21 17:31:19 | C175: Thời lượng theo dõi:546 phút
A176: 17 | B176: Nguyễn Thị Trang | C176: BSM | D176: 46044 | E176: 0.35837963 | F176: 0.7321875
A177: Thời gian vào: 2026-01-22 08:36:04 | B177: Thời gian ra: 2026-01-22 17:34:21 | C177: Thời lượng theo dõi:538 phút
A178: 17 | B178: Nguyễn Thị Trang | C178: BSM | D178: 46045 | E178: - | F178: -
A179: 17 | B179: Nguyễn Thị Trang | C179: BSM | D179: 46046 | E179: - | F179: -
A180: 17 | B180: Nguyễn Thị Trang | C180: BSM | D180: 46047 | E180: - | F180: -
A181: 17 | B181: Nguyễn Thị Trang | C181: BSM | D181: 46048 | E181: 0.35540509 | F181: -
A182: Thời gian vào: 2026-01-26 08:31:47 | B182: Thời gian ra: | C182: Thời lượng theo dõi:0 phút
A183: 17 | B183: Nguyễn Thị Trang | C183: BSM | D183: 46049 | E183: 0.35505787 | F183: 0.73046296
A184: Thời gian vào: 2026-01-27 08:31:17 | B184: Thời gian ra: 2026-01-27 17:31:52 | C184: Thời lượng theo dõi:541 phút
A185: 17 | B185: Nguyễn Thị Trang | C185: BSM | D185: 46050 | E185: 0.35585648 | F185: 0.73030093
A186: Thời gian vào: 2026-01-28 08:32:26 | B186: Thời gian ra: 2026-01-28 17:31:38 | C186: Thời lượng theo dõi:539 phút
A187: 17 | B187: Nguyễn Thị Trang | C187: BSM | D187: 46051 | E187: 0.35373843 | F187: 0.73230324
A188: Thời gian vào: 2026-01-29 08:29:23 | B188: Thời gian ra: 2026-01-29 17:34:31 | C188: Thời lượng theo dõi:545 phút
...

Sheet Bản sao của Lương 092024
AV1: =AV20-AV2 -> 449119 | AZ1: =27500000-AZ20 -> -781694
A2: Total nhân sự trả lương tháng 9: 28 | AV2: 1430592 | BA2: =#REF!+#REF!+#REF!+#REF!+#REF! -> #REF! | BB2: 47000 | BM2: Chốt | BP2: 13358652
A3: BẢNG LƯƠNG THÁNG 09/2024 | BF3: =32/21*19 -> 28.952381 | BM3: Tổng lương thực nhận | BN3: =SUM(AZ9:AZ36) -> #N/A | BO3: =BN3+BN4 -> #N/A | BP3: 472375765
A4: THÔNG TIN NHÂN VIÊN | G4: TỔNG LƯƠNG GROSS | U4: NGÀY CÔNG TÍNH LƯƠNG | AA4: LƯƠNG THEO NGÀY CÔNG | AF4: CÁC KHOẢN THU NHẬP/GIẢM TRỪ KHÁC | AM4: TỔNG THU NHẬP (32=17+22+25) | AN4: BHXH | AQ4: THUẾ TNCN | AW4: THỰC LĨNH | BA4: TỔNG CHI PHÍ LƯƠNG, THƯỞNG | BB4: Note | BH4: =BH13/21*11 -> 10440074 | BM4: Tổng chi phí lương, thưởng | BN4: =SUM(BA9:BA36) -> #N/A
A5: STT | B5: Họ và tên | C5: Email | D5: Vị trí | E5: Thuế | F5: Code | G5: CTV/thực tập | I5: Nhân viên thử việc | L5: Tổng lương gross | M5: Nhân viên chính thức | U5: Tổng ngày công | V5: Ngày công chuẩn | W5: Ngày công CTV / thực tập | X5: Ngày công thử việc | Y5: Ngày công chính thức | Z5: Ngày công trước khi điều chỉnh lương | AA5: Tổng lương theo ngày công (16= 17+18+19 | AB5: Lương ngày công CTV / thực tập | AC5: Lương ngày công thử việc | AD5: Lương ngày công chính thức | AE5: Lương ngày công CTV / thực tập trước ĐC | AF5: Các khoản tăng/giảm khác (23=24+25+26+27+28+29+30) | AG5: Các khoản bổ sung khác | AH5: Thanh toán phép tồn | AI5: Hỗ trợ nhà ở | AJ5: Thưởng (Doanh số, Hiệu quả, Thành tích đặc biệt,…) | AK5: Thưởng các dịp lễ | AL5: Bonus/Lương tháng 13 | AN5: Mức lương đóng BHXH | AO5: BHXH NV đóng (10.5%* lương cơ bản) | AP5: BHXH Công ty đóng (21.5%* lương cơ bản) | AQ5: Tổng số người phụ thuộc | AR5: Giảm trừ bản thân và giảm trừ NPT | AS5: Thu nhập chịu thuế | AT5: Thu nhập tính thuế | AU5: Thuế TNCN | AW5: Tổng thu nhập sau thuế | AX5: Các khoản trừ ngoài lương (-) ( tạm ứng lương, truy thu thuế TNCN…) | AY5: Các khoản cộng ngoài lương (+) ( truy lĩnh thuế TNCN, bù trừ lương tháng ....) | AZ5: LƯƠNG THỰC NHẬN (44=41-42+43 | BL5: Cần chú ý | BQ5: 549869632
G6: Tổng lương CTV / thực tập | H6: Tổng lương CTV / thực tập trước ĐC | I6: Tổng lương thử việc (2=3+4) | J6: Lương thử việc | K6: Hỗ trợ ăn trưa | M6: Tổng lương | N6: Lương cơ bản | O6: Thưởng hiệu suất | P6: Xăng xe | Q6: Hỗ trợ Đồng phục | R6: Hỗ trợ điện thoại | S6: Hỗ trợ ăn trưa | T6: PC ko chịu thuế TNCN | AU6: Thuế 10% | AV6: Thuế lũy tiến | BC6: Công thực tế T9 | BD6: Hiệu suất T9 | BE6: Hiệu suất T8 | BF6: PC ko chịu thuế TNCN theo ngày công tte | BG6: Lương tháng 8 | BH6: Lương tháng 8 | BI6: Công tháng 8 | BJ6: CL lương (T9-T8) | BK6: Lý do CL lương | BM6: Tài khoản NH | BN6: Số TK | BQ6: =BQ5-BN4 -> #N/A
G7: VND | I7: VND | J7: VND | K7: VND | L7: VND | M7: VND | N7: VND | O7: VND | Q7: VND | R7: VND | S7: VND | T7: VND | U7: VND | W7: Ngày | X7: Ngày | Y7: Ngày | AA7: VND | AB7: VND | AC7: VND | AD7: VND | AF7: VND | AG7: VND | AH7: VND | AI7: VND | AJ7: VND | AL7: VND | AM7: VND | AN7: VND | AO7: VND | AP7: VND | AQ7: Người | AR7: VNĐ | AS7: VNĐ | AT7: VNĐ | AV7: VNĐ | AW7: VNĐ | AX7: VNĐ | AY7: VNĐ | AZ7: VNĐ | BA7: VNĐ
G8: 1 | I8: 2 | J8: 3 | K8: 4 | L8: 5 | M8: 5 | N8: 6 | O8: 7 | Q8: 8 | R8: 9 | S8: 10 | U8: 11 | V8: 12 | W8: 13 | X8: 14 | Y8: 15 | AA8: 16 | AB8: 17 | AC8: 18 | AD8: 19 | AF8: 23 | AG8: 24 | AH8: 26 | AI8: 27 | AJ8: 28 | AK8: 29 | AL8: 30 | AM8: 31 | AN8: 32 | AO8: 33 | AP8: 34 | AQ8: 35 | AR8: 36 | AS8: 37 | AT8: 38 | AU8: 39 | AV8: 40 | AW8: 41 | AX8: 42 | AY8: 43 | AZ8: 44 | BA8: 47
A9: 1 | B9: Bùi Văn Điệp | C9: chuaco@congty.cty | D9: CTO | F9: ON | L9: =26298235+23500000+2000000 -> 51798235 | M9: =L9 -> 51798235 | N9: =VLOOKUP(B9,BHXH!$E$7:$F$12,2,0) -> 5310000 | O9: =M9-(N9+P9+Q9+R9+S9) -> 43858235 | P9: 500000 | Q9: 400000 | R9: 1000000 | S9: 730000 | T9: =SUM(Q9:S9) -> 2130000 | U9: =SUM(W9:Y9) -> 21 | V9: 21 | Y9: 21 | Z9: =M9-Q9-R9-S9 -> 49668235 | AA9: =SUM(AB9:AD9) -> 51798235 | AB9: =ROUND($G9/V9*W9,0) -> 0 | AC9: =ROUND(I9/V9*X9,0) -> 0 | AD9: =ROUND($M9/V9*Y9,0) -> 51798235 | AF9: =SUM(AG9:AL9) -> 0 | AJ9: 0 | AM9: =AA9+AF9 -> 51798235 | AN9: =VLOOKUP(B9,BHXH!$E$7:$F$12,2,0) -> 5310000 | AO9: =$AN9*10.5% -> 557550 | AP9: =$AN9*21.5% -> 1141650 | AQ9: 3 | AR9: =IF($E9=10%,0,(AQ9*4400000+11000000)) -> 24200000 | AS9: =AM9-(Q9+R9+S9)/V9*U9 -> 49668235 | AT9: =ROUND(IF((AS9-AR9-AO9)<0,0,(AS9-AR9-AO9)),0) -> 24910685 | AV9: =ROUND(IF(AU9>0,0,IF(AT9<5000000,AT9*5%,IF(AT9<10000000,250000+(AT9-5000000)*10%,IF(AT9<18000000,750000+(AT9-10000000)*15%,IF(AT9<32000000,1950000+(AT9-18000000)*20%,IF(AT9<52000000,4750000+(AT9-32000000)*25%,IF(AT9<80000000,9750000+(AT9-52000000)*30%,IF(AT9<400000000,18150000+(AT9-80000000)*35%,0)))))))),0) -> 3332137 | AW9: =AM9-AO9-AV9-AU9 -> 47908548 | AZ9: =ROUND(AW9-AX9+AY9,0) -> 47908548 | BA9: =AM9+AP9 -> 52939885 | BC9: =U9 -> 21 | BD9: =AJ9 -> 0 | BE9: 0 | BF9: =T9/V9*U9 -> 2130000 | BG9: =B9 -> Bùi Văn Điệp | BH9: 47598588 | BI9: 22 | BJ9: =AZ9-BH9 -> 309960 | BL9: Thêm 2 tr đảm bảo thu nhập net 48 | BM9: BUI VAN DIEP | BN9: 0945661904 | BO9: CTY BSM LABS THANH TOAN LUONG T7.2024 | BP9: TIEN PHONG (TPBANK)-358
A10: 2 | B10: Nguyễn Ngọc Anh | C10: ssinz7.zenme@gmail.com | D10: Lập trình viên | F10: ON | L10: =36728000+4000000 -> 40728000 | M10: =L10 -> 40728000 | N10: =VLOOKUP(B10,BHXH!$E$7:$F$12,2,0) -> 5310000 | O10: =M10-(N10+P10+Q10+R10+S10) -> 33038000 | P10: 250000 | Q10: 400000 | R10: 1000000 | S10: 730000 | T10: =SUM(Q10:S10) -> 2130000 | U10: =SUM(W10:Y10) -> 21 | V10: 21 | Y10: =VLOOKUP(B10,'Bảng công_092024'!$AR$31:$AT$57,3,0) -> 21 | Z10: =M10-Q10-R10-S10 -> 38598000 | AA10: =SUM(AB10:AD10) -> 40728000 | AB10: =ROUND($G10/V10*W10,0) -> 0 | AC10: =ROUND(I10/V10*X10,0) -> 0 | AD10: =ROUND($M10/V10*Y10,0) -> 40728000 | AF10: =SUM(AG10:AL10) -> 0 | AJ10: =-VLOOKUP(B10,'Bảng công_092024'!$AR$31:$AS$57,2,0) -> 0 | AM10: =AA10+AF10 -> 40728000 | AN10: =VLOOKUP(B10,BHXH!$E$7:$F$12,2,0) -> 5310000 | AO10: =$AN10*10.5% -> 557550 | AP10: =$AN10*21.5% -> 1141650 | AQ10: 0 | AR10: =IF($E10=10%,0,(AQ10*4400000+11000000)) -> 11000000 | AS10: =AM10-(Q10+R10+S10)/V10*U10 -> 38598000 | AT10: =ROUND(IF((AS10-AR10-AO10)<0,0,(AS10-AR10-AO10)),0) -> 27040450 | AV10: =ROUND(IF(AU10>0,0,IF(AT10<5000000,AT10*5%,IF(AT10<10000000,250000+(AT10-5000000)*10%,IF(AT10<18000000,750000+(AT10-10000000)*15%,IF(AT10<32000000,1950000+(AT10-18000000)*20%,IF(AT10<52000000,4750000+(AT10-32000000)*25%,IF(AT10<80000000,9750000+(AT10-52000000)*30%,IF(AT10<400000000,18150000+(AT10-80000000)*35%,0)))))))),0) -> 3758090 | AW10: =AM10-AO10-AV10-AU10 -> 36412360 | AZ10: =ROUND(AW10-AX10+AY10,0) -> 36412360 | BA10: =AM10+AP10 -> 41869650 | BC10: =U10 -> 21 | BD10: =AJ10 -> 0 | BE10: 0 | BF10: =T10/V10*U10 -> 2130000 | BG10: =B10 -> Nguyễn Ngọc Anh | BH10: 36430000 | BI10: 22 | BJ10: =AZ10-BH10 -> -17640 | BM10: NGUYEN NGOC ANH | BN10: 02606600301 | BO10: CTY BSM LABS THANH TOAN LUONG T7.2024 | BP10: TIEN PHONG (TPBANK)-358
A11: 3 | B11: Phan Thanh Tùng | C11: tungpt.zenme@gmail.com | D11: Lập trình viên | F11: ON | L11: =31000000+1000000 -> 32000000 | M11: =L11 -> 32000000 | N11: =VLOOKUP(B11,BHXH!$E$7:$F$12,2,0) -> #N/A | O11: =M11-(N11+P11+Q11+R11+S11) -> #N/A | P11: 250000 | Q11: 400000 | R11: 500000 | S11: 730000 | T11: =SUM(Q11:S11) -> 1630000 | U11: =SUM(W11:Y11) -> 21 | V11: 21 | Y11: =VLOOKUP(B11,'Bảng công_092024'!$AR$31:$AT$57,3,0) -> 21 | Z11: =M11-Q11-R11-S11 -> 30370000 | AA11: =SUM(AB11:AD11) -> 32000000 | AB11: =ROUND($G11/V11*W11,0) -> 0 | AC11: =ROUND(I11/V11*X11,0) -> 0 | AD11: =ROUND($M11/V11*Y11,0) -> 32000000 | AF11: =SUM(AG11:AL11) -> -75000 | AJ11: =-VLOOKUP(B11,'Bảng công_092024'!$AR$31:$AS$57,2,0) -> -75000 | AM11: =AA11+AF11 -> 31925000 | AN11: =VLOOKUP(B11,BHXH!$E$7:$F$12,2,0) -> #N/A | AO11: =$AN11*10.5% -> #N/A | AP11: =$AN11*21.5% -> #N/A | AQ11: 0 | AR11: =IF($E11=10%,0,(AQ11*4400000+11000000)) -> 11000000 | AS11: =AM11-(Q11+R11+S11)/V11*U11 -> 30295000 | AT11: =ROUND(IF((AS11-AR11-AO11)<0,0,(AS11-AR11-AO11)),0) -> #N/A | AV11: =ROUND(IF(AU11>0,0,IF(AT11<5000000,AT11*5%,IF(AT11<10000000,250000+(AT11-5000000)*10%,IF(AT11<18000000,750000+(AT11-10000000)*15%,IF(AT11<32000000,1950000+(AT11-18000000)*20%,IF(AT11<52000000,4750000+(AT11-32000000)*25%,IF(AT11<80000000,9750000+(AT11-52000000)*30%,IF(AT11<400000000,18150000+(AT11-80000000)*35%,0)))))))),0) -> #N/A | AW11: =AM11-AO11-AV11-AU11 -> #N/A | AZ11: =ROUND(AW11-AX11+AY11,0) -> #N/A | BA11: =AM11+AP11 -> #N/A | BC11: =U11 -> 21 | BD11: =AJ11 -> -75000 | BE11: -375000 | BF11: =T11/V11*U11 -> 1630000 | BG11: =B11 -> Phan Thanh Tùng | BH11: 29047600 | BI11: 22 | BJ11: =AZ11-BH11 -> #N/A | BK11: CL phạt đi muộn | BM11: PHAN THANH TUNG | BN11: 19036367351018
A12: 4 | B12: Nguyễn Ngọc Lê | C12: le.n.nguyen0192@gmail.com | D12: BA | F12: ON | L12: =26215500+3500000 -> 29715500 | M12: =L12 -> 29715500 | N12: =VLOOKUP(B12,BHXH!$E$7:$F$12,2,0) -> #N/A | O12: =M12-(N12+P12+Q12+R12+S12) -> #N/A | P12: 250000 | Q12: 400000 | R12: 500000 | S12: 730000 | T12: =SUM(Q12:S12) -> 1630000 | U12: =SUM(W12:Y12) -> 21 | V12: 21 | Y12: =VLOOKUP(B12,'Bảng công_092024'!$AR$31:$AT$57,3,0) -> 21 | Z12: =M12-Q12-R12-S12 -> 28085500 | AA12: =SUM(AB12:AD12) -> 29715500 | AB12: =ROUND($G12/V12*W12,0) -> 0 | AC12: =ROUND(I12/V12*X12,0) -> 0 | AD12: =ROUND($M12/V12*Y12,0) -> 29715500 | AF12: =SUM(AG12:AL12) -> 0 | AJ12: =-VLOOKUP(B12,'Bảng công_092024'!$AR$31:$AS$57,2,0) -> 0 | AM12: =AA12+AF12 -> 29715500 | AN12: =VLOOKUP(B12,BHXH!$E$7:$F$12,2,0) -> #N/A | AO12: =$AN12*10.5% -> #N/A | AP12: =$AN12*21.5% -> #N/A | AQ12: 1 | AR12: =IF($E12=10%,0,(AQ12*4400000+11000000)) -> 15400000 | AS12: =AM12-(Q12+R12+S12)/V12*U12 -> 28085500 | AT12: =ROUND(IF((AS12-AR12-AO12)<0,0,(AS12-AR12-AO12)),0) -> #N/A | AV12: =ROUND(IF(AU12>0,0,IF(AT12<5000000,AT12*5%,IF(AT12<10000000,250000+(AT12-5000000)*10%,IF(AT12<18000000,750000+(AT12-10000000)*15%,IF(AT12<32000000,1950000+(AT12-18000000)*20%,IF(AT12<52000000,4750000+(AT12-32000000)*25%,IF(AT12<80000000,9750000+(AT12-52000000)*30%,IF(AT12<400000000,18150000+(AT12-80000000)*35%,0)))))))),0) -> #N/A | AW12: =AM12-AO12-AV12-AU12 -> #N/A | AZ12: =ROUND(AW12-AX12+AY12,0) -> #N/A | BA12: =AM12+AP12 -> #N/A | BC12: =U12 -> 21 | BD12: =AJ12 -> 0 | BE12: 0 | BF12: =T12/V12*U12 -> 1630000 | BG12: =B12 -> Nguyễn Ngọc Lê | BH12: 28107500 | BI12: 22 | BJ12: =AZ12-BH12 -> #N/A | BM12: NGUYEN NGOC LE | BN12: 0011004317492 | BO12: CTY BSM LABS THANH TOAN LUONG T7.2024 | BP12: NGOAI THUONG VN (VCB)-203
A13: 5 | B13: Nguyễn Hồng Nhung | C13: nhungnh.zenme@gmail.com | D13: Executive Assistant | F13: OFF | L13: =18000000+3000000 -> 21000000 | M13: =L13 -> 21000000 | O13: =M13-(N13+P13+Q13+R13+S13) -> 19120000 | P13: 250000 | Q13: 400000 | R13: 500000 | S13: 730000 | T13: =SUM(Q13:S13) -> 1630000 | U13: =SUM(W13:Y13) -> 10 | V13: 21 | Y13: =VLOOKUP(B13,'Bảng công_092024'!$AR$31:$AT$57,3,0) -> 10 | Z13: =M13-Q13-R13-S13 -> 19370000 | AA13: =SUM(AB13:AD13) -> 10000000 | AB13: =ROUND($G13/V13*W13,0) -> 0 | AC13: =ROUND(I13/V13*X13,0) -> 0 | AD13: =ROUND($M13/V13*Y13,0) -> 10000000 | AF13: =SUM(AG13:AL13) -> 0 | AJ13: =-VLOOKUP(B13,'Bảng công_092024'!$AR$31:$AS$57,2,0) -> 0 | AM13: =AA13+AF13 -> 10000000 | AN13: =VLOOKUP(B13,BHXH!$E$7:$F$12,2,0) -> #N/A | AO13: =$AN13*10.5% -> #N/A | AP13: =$AN13*21.5% -> #N/A | AQ13: 0 | AR13: =IF($E13=10%,0,(AQ13*4400000+11000000)) -> 11000000 | AS13: =AM13-(Q13+R13+S13)/V13*U13 -> 9223809.5 | AT13: =ROUND(IF((AS13-AR13-AO13)<0,0,(AS13-AR13-AO13)),0) -> #N/A | AV13: =ROUND(IF(AU13>0,0,IF(AT13<5000000,AT13*5%,IF(AT13<10000000,250000+(AT13-5000000)*10%,IF(AT13<18000000,750000+(AT13-10000000)*15%,IF(AT13<32000000,1950000+(AT13-18000000)*20%,IF(AT13<52000000,4750000+(AT13-32000000)*25%,IF(AT13<80000000,9750000+(AT13-52000000)*30%,IF(AT13<400000000,18150000+(AT13-80000000)*35%,0)))))))),0) -> #N/A | AW13: =AM13-AO13-AV13-AU13 -> #N/A | AZ13: =ROUND(AW13-AX13+AY13,0) -> #N/A | BA13: =AM13+AP13 -> #N/A | BC13: =U13 -> 10 | BD13: =AJ13 -> 0 | BE13: 0 | BF13: =T13/V13*U13 -> 776190.48 | BG13: =B13 -> Nguyễn Hồng Nhung | BH13: 19931050 | BI13: 22 | BJ13: =AZ13-BH13 -> #N/A | BK13: CL ngày công | BM13: NGUYEN HONG NHUNG | BN13: 239748449 | BO13: CTY BSM LABS THANH TOAN LUONG T7.2024 | BP13: VIET NAM THINH VUONG (VPBANK)-309
A14: 6 | B14: Lê Hải Linh | C14: linhlh.zenme@gmail.com | D14: NV Marketing | F14: ON | L14: =23000000+1000000 -> 24000000 | M14: =L14 -> 24000000 | N14: =VLOOKUP(B14,BHXH!$E$7:$F$12,2,0) -> 5310000 | O14: =M14-(N14+P14+Q14+R14+S14) -> 16810000 | P14: 250000 | Q14: 400000 | R14: 500000 | S14: 730000 | T14: =SUM(Q14:S14) -> 1630000 | U14: =SUM(W14:Y14) -> 21 | V14: 21 | Y14: =VLOOKUP(B14,'Bảng công_092024'!$AR$31:$AT$57,3,0) -> 21 | Z14: =M14-Q14-R14-S14 -> 22370000 | AA14: =SUM(AB14:AD14) -> 24000000 | AB14: =ROUND($G14/V14*W14,0) -> 0 | AC14: =ROUND(I14/V14*X14,0) -> 0 | AD14: =ROUND($M14/V14*Y14,0) -> 24000000 | AF14: =SUM(AG14:AL14) -> -225000 | AJ14: =-VLOOKUP(B14,'Bảng công_092024'!$AR$31:$AS$57,2,0) -> -225000 | AM14: =AA14+AF14 -> 23775000 | AN14: =VLOOKUP(B14,BHXH!$E$7:$F$12,2,0) -> 5310000 | AO14: =$AN14*10.5% -> 557550 | AP14: =$AN14*21.5% -> 1141650 | AQ14: 0 | AR14: =IF($E14=10%,0,(AQ14*4400000+11000000)) -> 11000000 | AS14: =AM14-(Q14+R14+S14)/V14*U14 -> 22145000 | AT14: =ROUND(IF((AS14-AR14-AO14)<0,0,(AS14-AR14-AO14)),0) -> 10587450 | AV14: =ROUND(IF(AU14>0,0,IF(AT14<5000000,AT14*5%,IF(AT14<10000000,250000+(AT14-5000000)*10%,IF(AT14<18000000,750000+(AT14-10000000)*15%,IF(AT14<32000000,1950000+(AT14-18000000)*20%,IF(AT14<52000000,4750000+(AT14-32000000)*25%,IF(AT14<80000000,9750000+(AT14-52000000)*30%,IF(AT14<400000000,18150000+(AT14-80000000)*35%,0)))))))),0) -> 838118 | AW14: =AM14-AO14-AV14-AU14 -> 22379332 | AZ14: =ROUND(AW14-AX14+AY14,0) -> 22379332 | BA14: =AM14+AP14 -> 24916650 | BC14: =U14 -> 21 | BD14: =AJ14 -> -225000 | BE14: -375000 | BF14: =T14/V14*U14 -> 1630000 | BG14: =B14 -> Lê Hải Linh | BH14: 22270575 | BI14: 22 | BJ14: =AZ14-BH14 -> 108757 | BK14: CL phạt đi muộn | BM14: LE HAI LINH | BN14: 222638429 | BO14: CTY BSM LABS THANH TOAN LUONG T7.2024 | BP14: VIET NAM THINH VUONG (VPBANK)-309
A15: 7 | B15: Cao Nguyễn Nguyệt Linh | C15: cnguyetlinh@gmail.com | D15: NV Marketing | F15: ON | L15: 11000000 | M15: =L15 -> 11000000 | N15: =VLOOKUP(B15,BHXH!$E$7:$F$12,2,0) -> #N/A | O15: =M15-(N15+P15+Q15+R15+S15) -> #N/A | P15: 250000 | Q15: 400000 | R15: 500000 | S15: 730000 | T15: =SUM(Q15:S15) -> 1630000 | U15: =SUM(W15:Y15) -> 21 | V15: 21 | Y15: =VLOOKUP(B15,'Bảng công_092024'!$AR$31:$AT$57,3,0) -> 21 | Z15: =M15-Q15-R15-S15 -> 9370000 | AA15: =SUM(AB15:AD15) -> 11000000 | AB15: =ROUND($G15/V15*W15,0) -> 0 | AC15: =ROUND(I15/V15*X15,0) -> 0 | AD15: =ROUND($M15/V15*Y15,0) -> 11000000 | AF15: =SUM(AG15:AL15) -> -150000 | AJ15: =-VLOOKUP(B15,'Bảng công_092024'!$AR$31:$AS$57,2,0) -> -150000 | AM15: =AA15+AF15 -> 10850000 | AN15: =VLOOKUP(B15,BHXH!$E$7:$F$12,2,0) -> #N/A | AO15: =$AN15*10.5% -> #N/A | AP15: =$AN15*21.5% -> #N/A | AQ15: 0 | AR15: =IF($E15=10%,0,(AQ15*4400000+11000000)) -> 11000000 | AS15: =AM15-(Q15+R15+S15)/V15*U15 -> 9220000 | AT15: =ROUND(IF((AS15-AR15-AO15)<0,0,(AS15-AR15-AO15)),0) -> #N/A | AV15: =ROUND(IF(AU15>0,0,IF(AT15<5000000,AT15*5%,IF(AT15<10000000,250000+(AT15-5000000)*10%,IF(AT15<18000000,750000+(AT15-10000000)*15%,IF(AT15<32000000,1950000+(AT15-18000000)*20%,IF(AT15<52000000,4750000+(AT15-32000000)*25%,IF(AT15<80000000,9750000+(AT15-52000000)*30%,IF(AT15<400000000,18150000+(AT15-80000000)*35%,0)))))))),0) -> #N/A | AW15: =AM15-AO15-AV15-AU15 -> #N/A | AZ15: =ROUND(AW15-AX15+AY15,0) -> #N/A | BA15: =AM15+AP15 -> #N/A | BC15: =U15 -> 21 | BD15: =AJ15 -> -150000 | BE15: -450000 | BF15: =T15/V15*U15 -> 1630000 | BG15: =B15 -> Cao Nguyễn Nguyệt Linh | BH15: 10014500 | BI15: 22 | BJ15: =AZ15-BH15 -> #N/A | BK15: CL phạt đi muộn | BM15: CAO NGUYEN NGUYET LINH | BN15: 19034300764013
A16: 8 | B16: Thái Thanh Nhật Quang | C16: Henry@bsmlabs.io | D16: CEO | F16: ON | L16: 98630000 | M16: =L16 -> 98630000 | N16: =VLOOKUP(B16,BHXH!$E$7:$F$12,2,0) -> #N/A | O16: =M16-(N16+P16+Q16+R16+S16) -> #N/A | P16: 250000 | Q16: 400000 | R16: 1000000 | S16: 730000 | T16: =SUM(Q16:S16) -> 2130000 | U16: =SUM(W16:Y16) -> 21 | V16: 21 | Y16: =VLOOKUP(B16,'Bảng công_092024'!$AR$31:$AT$57,3,0) -> 21 | Z16: =M16-Q16-R16-S16 -> 96500000 | AA16: =SUM(AB16:AD16) -> 98630000 | AB16: =ROUND($G16/V16*W16,0) -> 0 | AC16: =ROUND(I16/V16*X16,0) -> 0 | AD16: =ROUND($M16/V16*Y16,0) -> 98630000 | AF16: =SUM(AG16:AL16) -> 0 | AJ16: =-VLOOKUP(B16,'Bảng công_092024'!$AR$31:$AS$57,2,0) -> 0 | AM16: =AA16+AF16 -> 98630000 | AN16: =VLOOKUP(B16,BHXH!$E$7:$F$12,2,0) -> #N/A | AO16: =$AN16*10.5% -> #N/A | AP16: =$AN16*21.5% -> #N/A | AQ16: 2 | AR16: =IF($E16=10%,0,(AQ16*4400000+11000000)) -> 19800000 | AS16: =AM16-(Q16+R16+S16)/V16*U16 -> 96500000 | AT16: =ROUND(IF((AS16-AR16-AO16)<0,0,(AS16-AR16-AO16)),0) -> #N/A | AV16: =ROUND(IF(AU16>0,0,IF(AT16<5000000,AT16*5%,IF(AT16<10000000,250000+(AT16-5000000)*10%,IF(AT16<18000000,750000+(AT16-10000000)*15%,IF(AT16<32000000,1950000+(AT16-18000000)*20%,IF(AT16<52000000,4750000+(AT16-32000000)*25%,IF(AT16<80000000,9750000+(AT16-52000000)*30%,IF(AT16<400000000,18150000+(AT16-80000000)*35%,0)))))))),0) -> #N/A | AW16: =AM16-AO16-AV16-AU16 -> #N/A | AZ16: =ROUND(AW16-AX16+AY16,0) -> #N/A | BA16: =AM16+AP16 -> #N/A | BC16: =U16 -> 21 | BD16: =AJ16 -> 0 | BE16: 0 | BF16: =T16/V16*U16 -> 2130000 | BG16: =B16 -> Thái Thanh Nhật Quang | BH16: 80000000 | BI16: 22 | BJ16: =AZ16-BH16 -> #N/A | BM16: THAI THANH NHAT QUANG | BN16: 19037989444011
A17: 9 | B17: Trần Minh Tuyết | C17: tuyet.tranminh1973@gmail.com | D17: KTT | F17: ON | L17: 14000000 | M17: =L17 -> 14000000 | N17: =VLOOKUP(B17,BHXH!$E$7:$F$12,2,0) -> 5310000 | O17: =M17-(N17+P17+Q17+R17+S17) -> 6810000 | P17: 250000 | Q17: 400000 | R17: 500000 | S17: 730000 | T17: =SUM(Q17:S17) -> 1630000 | U17: =SUM(W17:Y17) -> 21 | V17: 21 | Y17: =VLOOKUP(B17,'Bảng công_092024'!$AR$31:$AT$57,3,0) -> 21 | Z17: =M17-Q17-R17-S17 -> 12370000 | AA17: =SUM(AB17:AD17) -> 14000000 | AB17: =ROUND($G17/V17*W17,0) -> 0 | AC17: =ROUND(I17/V17*X17,0) -> 0 | AD17: =ROUND($M17/V17*Y17,0) -> 14000000 | AF17: =SUM(AG17:AL17) -> -75000 | AJ17: =-VLOOKUP(B17,'Bảng công_092024'!$AR$31:$AS$57,2,0) -> -75000 | AM17: =AA17+AF17 -> 13925000 | AN17: =VLOOKUP(B17,BHXH!$E$7:$F$12,2,0) -> 5310000 | AO17: =$AN17*10.5% -> 557550 | AP17: =$AN17*21.5% -> 1141650 | AQ17: 1 | AR17: =IF($E17=10%,0,(AQ17*4400000+11000000)) -> 15400000 | AS17: =AM17-(Q17+R17+S17)/V17*U17 -> 12295000 | AT17: =ROUND(IF((AS17-AR17-AO17)<0,0,(AS17-AR17-AO17)),0) -> 0 | AV17: =ROUND(IF(AU17>0,0,IF(AT17<5000000,AT17*5%,IF(AT17<10000000,250000+(AT17-5000000)*10%,IF(AT17<18000000,750000+(AT17-10000000)*15%,IF(AT17<32000000,1950000+(AT17-18000000)*20%,IF(AT17<52000000,4750000+(AT17-32000000)*25%,IF(AT17<80000000,9750000+(AT17-52000000)*30%,IF(AT17<400000000,18150000+(AT17-80000000)*35%,0)))))))),0) -> 0 | AW17: =AM17-AO17-AV17-AU17 -> 13367450 | AZ17: =ROUND(AW17-AX17+AY17,0) -> 13367450 | BA17: =AM17+AP17 -> 15066650 | BC17: =U17 -> 21 | BD17: =AJ17 -> -75000 | BE17: 0 | BF17: =T17/V17*U17 -> 1630000 | BG17: =B17 -> Trần Minh Tuyết | BH17: 13055000 | BI17: 22 | BJ17: =AZ17-BH17 -> 312450 | BK17: CL phạt đi muộn | BM17: TRAN MINH TUYET | BN17: 0983280899 | BO17: CTY BSM LABS THANH TOAN LUONG T7.2024 | BP17: QUAN DOI (MB)-311
A18: 10 | B18: Nguyễn Thị Thu Thảo | C18: thuthaonguyenzz620@gmail.com | D18: Tester | F18: ON | L18: 11000000 | M18: =L18 -> 11000000 | N18: =VLOOKUP(B18,BHXH!$E$7:$F$12,2,0) -> #N/A | O18: =M18-(N18+P18+Q18+R18+S18) -> #N/A | P18: 250000 | Q18: 400000 | R18: 500000 | S18: 730000 | T18: =SUM(Q18:S18) -> 1630000 | U18: =SUM(W18:Y18) -> 21 | V18: 21 | Y18: =VLOOKUP(B18,'Bảng công_092024'!$AR$31:$AT$57,3,0) -> 21 | Z18: =M18-Q18-R18-S18 -> 9370000 | AA18: =SUM(AB18:AD18) -> 11000000 | AB18: =ROUND($G18/V18*W18,0) -> 0 | AC18: =ROUND(I18/V18*X18,0) -> 0 | AD18: =ROUND($M18/V18*Y18,0) -> 11000000 | AF18: =SUM(AG18:AL18) -> -75000 | AJ18: =-VLOOKUP(B18,'Bảng công_092024'!$AR$31:$AS$57,2,0) -> -75000 | AM18: =AA18+AF18 -> 10925000 | AN18: =VLOOKUP(B18,BHXH!$E$7:$F$12,2,0) -> #N/A | AO18: =$AN18*10.5% -> #N/A | AP18: =$AN18*21.5% -> #N/A | AQ18: 0 | AR18: =IF($E18=10%,0,(AQ18*4400000+11000000)) -> 11000000 | AS18: =AM18-(Q18+R18+S18)/V18*U18 -> 9295000 | AT18: =ROUND(IF((AS18-AR18-AO18)<0,0,(AS18-AR18-AO18)),0) -> #N/A | AV18: =ROUND(IF(AU18>0,0,IF(AT18<5000000,AT18*5%,IF(AT18<10000000,250000+(AT18-5000000)*10%,IF(AT18<18000000,750000+(AT18-10000000)*15%,IF(AT18<32000000,1950000+(AT18-18000000)*20%,IF(AT18<52000000,4750000+(AT18-32000000)*25%,IF(AT18<80000000,9750000+(AT18-52000000)*30%,IF(AT18<400000000,18150000+(AT18-80000000)*35%,0)))))))),0) -> #N/A | AW18: =AM18-AO18-AV18-AU18 -> #N/A | AX18: 0 | AZ18: =ROUND(AW18-AX18+AY18,0) -> #N/A | BA18: =AM18+AP18 -> #N/A | BC18: =U18 -> 21 | BD18: =AJ18 -> -75000 | BE18: -75000 | BF18: =T18/V18*U18 -> 1630000 | BG18: =B18 -> Nguyễn Thị Thu Thảo | BH18: 10389500 | BI18: 22 | BJ18: =AZ18-BH18 -> #N/A | BM18: NGUYEN THI THU THAO | BN18: 1014035653 | BO18: CTY BSM LABS THANH TOAN LUONG T7.2024 | BP18: NGOAI THUONG VN (VCB)-203
A19: 11 | B19: Nguyễn Hữu Tuấn Minh | C19: tuanminh811.work@gmail.com | D19: Lập trình viên | F19: ON | L19: 11000000 | M19: =L19 -> 11000000 | N19: =VLOOKUP(B19,BHXH!$E$7:$F$12,2,0) -> 5310000 | O19: =M19-(N19+P19+Q19+R19+S19) -> 3810000 | P19: 250000 | Q19: 400000 | R19: 500000 | S19: 730000 | T19: =SUM(Q19:S19) -> 1630000 | U19: =SUM(W19:Y19) -> 21 | V19: 21 | Y19: =VLOOKUP(B19,'Bảng công_092024'!$AR$31:$AT$57,3,0) -> 21 | Z19: =M19-Q19-R19-S19 -> 9370000 | AA19: =SUM(AB19:AD19) -> 11000000 | AB19: =ROUND($G19/V19*W19,0) -> 0 | AC19: =ROUND(I19/V19*X19,0) -> 0 | AD19: =ROUND($M19/V19*Y19,0) -> 11000000 | AF19: =SUM(AG19:AL19) -> -75000 | AJ19: =-VLOOKUP(B19,'Bảng công_092024'!$AR$31:$AS$57,2,0) -> -75000 | AM19: =AA19+AF19 -> 10925000 | AN19: =VLOOKUP(B19,BHXH!$E$7:$F$12,2,0) -> 5310000 | AO19: =$AN19*10.5% -> 557550 | AP19: =$AN19*21.5% -> 1141650 | AQ19: 0 | AR19: =IF($E19=10%,0,(AQ19*4400000+11000000)) -> 11000000 | AS19: =AM19-(Q19+R19+S19)/V19*U19 -> 9295000 | AT19: =ROUND(IF((AS19-AR19-AO19)<0,0,(AS19-AR19-AO19)),0) -> 0 | AV19: =ROUND(IF(AU19>0,0,IF(AT19<5000000,AT19*5%,IF(AT19<10000000,250000+(AT19-5000000)*10%,IF(AT19<18000000,750000+(AT19-10000000)*15%,IF(AT19<32000000,1950000+(AT19-18000000)*20%,IF(AT19<52000000,4750000+(AT19-32000000)*25%,IF(AT19<80000000,9750000+(AT19-52000000)*30%,IF(AT19<400000000,18150000+(AT19-80000000)*35%,0)))))))),0) -> 0 | AW19: =AM19-AO19-AV19-AU19 -> 10367450 | AZ19: =ROUND(AW19-AX19+AY19,0) -> 10367450 | BA19: =AM19+AP19 -> 12066650 | BC19: =U19 -> 21 | BD19: =AJ19 -> -75000 | BE19: -150000 | BF19: =T19/V19*U19 -> 1630000 | BG19: =B19 -> Nguyễn Hữu Tuấn Minh | BH19: 8350000 | BI19: 22 | BJ19: =AZ19-BH19 -> 2017450 | BK19: CL do điều chỉnh tăng lương | BM19: NGUYEN HUU TUAN MINH | BN19: 0081120026868 | BP19: QUAN DOI (MB)-311
A20: 3 | B20: Đỗ Khánh Huyền | C20: huyendk.bsmlabs@gmail.com | D20: Executive Assistant | F20: ON | L20: 29777265 | M20: =L20 -> 29777265 | N20: =VLOOKUP(B20,BHXH!$E$7:$F$15,2,0) -> 5310000 | O20: =M20-(N20+P20+Q20+R20+S20) -> 22587265 | P20: 250000 | Q20: 400000 | R20: 500000 | S20: 730000 | T20: =SUM(Q20:S20) -> 1630000 | U20: =SUM(W20:Y20) -> 21 | V20: 21 | Y20: =VLOOKUP(B20,'Bảng công_092024'!$AR$31:$AT$57,3,0) -> 21 | Z20: =M20-Q20-R20-S20 -> 28147265 | AA20: =SUM(AB20:AD20) -> 29777265 | AB20: =ROUND($G20/V20*W20,0) -> 0 | AC20: =ROUND(I20/V20*X20,0) -> 0 | AD20: =ROUND($M20/V20*Y20,0) -> 29777265 | AF20: =SUM(AG20:AL20) -> 941690 | AG20: 941690 | AJ20: =-VLOOKUP(B20,'Bảng công_092024'!$AR$31:$AS$57,2,0) -> 0 | AM20: =AA20+AF20 -> 30718955 | AN20: =VLOOKUP(B20,BHXH!$E$7:$F$15,2,0) -> 5310000 | AO20: =$AN20*10.5% -> 557550 | AP20: =$AN20*21.5% -> 1141650 | AQ20: 0 | AR20: =IF($E20=10%,0,(AQ20*4400000+11000000)) -> 11000000 | AS20: =AM20-(Q20+R20+S20)/V20*U20 -> 29088955 | AT20: =ROUND(IF((AS20-AR20-AO20)<0,0,(AS20-AR20-AO20)),0) -> 17531405 | AU20: 0 | AV20: =ROUND(IF(AU20>0,0,IF(AT20<5000000,AT20*5%,IF(AT20<10000000,250000+(AT20-5000000)*10%,IF(AT20<18000000,750000+(AT20-10000000)*15%,IF(AT20<32000000,1950000+(AT20-18000000)*20%,IF(AT20<52000000,4750000+(AT20-32000000)*25%,IF(AT20<80000000,9750000+(AT20-52000000)*30%,IF(AT20<400000000,18150000+(AT20-80000000)*35%,0)))))))),0) -> 1879711 | AW20: =AM20-AO20-AV20-AU20 -> 28281694 | AZ20: =ROUND(AW20-AX20+AY20,0) -> 28281694 | BA20: =AM20+AP20 -> 31860605 | BC20: =U20 -> 21 | BD20: =AJ20 -> 0 | BE20: -75000 | BF20: =T20/V20*U20 -> 1630000 | BG20: =B20 -> Đỗ Khánh Huyền | BH20: 25736686 | BI20: 22 | BJ20: =AZ20-BH20 -> 2545008 | BK20: CL do điều chỉnh tăng lương+ĐC giảm lương T8 do tính nhầm lương NET sang Gross | BM20: DO KHANH HUYEN | BN20: 019121870 | BO20: CTY BSM LABS THANH TOAN LUONG T7.2024 | BP20: QUOC TE (VIB)-314
A21: 13 | B21: Nguyễn Tử Trường Lâm | C21: Lamntt.bsmlabs@gmail.com | D21: Video Editor | F21: ON | L21: =15000000 -> 15000000 | M21: =L21 -> 15000000 | N21: =VLOOKUP(B21,BHXH!$E$7:$F$15,2,0) -> 5310000 | O21: =M21-(N21+P21+Q21+R21+S21) -> 7810000 | P21: 250000 | Q21: 400000 | R21: 500000 | S21: 730000 | T21: =SUM(Q21:S21) -> 1630000 | U21: =SUM(W21:Y21) -> 21 | V21: 21 | Y21: =VLOOKUP(B21,'Bảng công_092024'!$AR$31:$AT$57,3,0) -> 21 | Z21: =M21-Q21-R21-S21 -> 13370000 | AA21: =SUM(AB21:AD21) -> 15000000 | AB21: =ROUND($G21/V21*W21,0) -> 0 | AC21: =ROUND(I21/V21*X21,0) -> 0 | AD21: =ROUND($M21/V21*Y21,0) -> 15000000 | AF21: =SUM(AG21:AL21) -> -150000 | AJ21: =-VLOOKUP(B21,'Bảng công_092024'!$AR$31:$AS$57,2,0) -> -150000 | AM21: =AA21+AF21 -> 14850000 | AN21: =VLOOKUP(B21,BHXH!$E$7:$F$15,2,0) -> 5310000 | AO21: =$AN21*10.5% -> 557550 | AP21: =$AN21*21.5% -> 1141650 | AQ21: 0 | AR21: =IF($E21=10%,0,(AQ21*4400000+11000000)) -> 11000000 | AS21: =AM21-(Q21+R21+S21)/V21*U21 -> 13220000 | AT21: =ROUND(IF((AS21-AR21-AO21)<0,0,(AS21-AR21-AO21)),0) -> 1662450 | AU21: =IF(AT21<2000000,0,(AT21*10%)) -> 0 | AV21: =ROUND(IF(AU21>0,0,IF(AT21<5000000,AT21*5%,IF(AT21<10000000,250000+(AT21-5000000)*10%,IF(AT21<18000000,750000+(AT21-10000000)*15%,IF(AT21<32000000,1950000+(AT21-18000000)*20%,IF(AT21<52000000,4750000+(AT21-32000000)*25%,IF(AT21<80000000,9750000+(AT21-52000000)*30%,IF(AT21<400000000,18150000+(AT21-80000000)*35%,0)))))))),0) -> 83123 | AW21: =AM21-AO21-AV21-AU21 -> 14209327 | AZ21: =ROUND(AW21-AX21+AY21,0) -> 14209327 | BA21: =AM21+AP21 -> 15991650 | BC21: =U21 -> 21 | BD21: =AJ21 -> -150000 | BE21: -150000 | BF21: =T21/V21*U21 -> 1630000 | BG21: =B21 -> Nguyễn Tử Trường Lâm | BH21: 14230275 | BI21: 22 | BJ21: =AZ21-BH21 -> -20948 | BL21: =15000000-13333333 -> 1666667 | BM21: NGUYEN TU TRUONG LAM | BN21: 104229093 | BO21: CTY BSM LABS THANH TOAN LUONG T7.2024 | BP21: VIET NAM THINH VUONG (VPBANK)-309
A22: 14 | B22: Lê Anh Việt | C22: vietle.bsmlabs@gmail.com | D22: BD | F22: ON | L22: 20000000 | M22: =L22 -> 20000000 | N22: =VLOOKUP(B22,BHXH!$E$7:$F$15,2,0) -> #N/A | O22: =M22-(N22+P22+Q22+R22+S22) -> #N/A | P22: 250000 | Q22: 400000 | R22: 500000 | S22: 730000 | T22: =SUM(Q22:S22) -> 1630000 | U22: =SUM(W22:Y22) -> 21 | V22: 21 | Y22: =VLOOKUP(B22,'Bảng công_092024'!$AR$31:$AT$57,3,0) -> 21 | Z22: =M22-Q22-R22-S22 -> 18370000 | AA22: =SUM(AB22:AD22) -> 20000000 | AB22: =ROUND($G22/V22*W22,0) -> 0 | AC22: =ROUND(I22/V22*X22,0) -> 0 | AD22: =ROUND($M22/V22*Y22,0) -> 20000000 | AF22: =SUM(AG22:AL22) -> -225000 | AJ22: =-VLOOKUP(B22,'Bảng công_092024'!$AR$31:$AS$57,2,0) -> -225000 | AM22: =AA22+AF22 -> 19775000 | AN22: =VLOOKUP(B22,BHXH!$E$7:$F$15,2,0) -> #N/A | AO22: =$AN22*10.5% -> #N/A | AP22: =$AN22*21.5% -> #N/A | AQ22: 0 | AR22: =IF($E22=10%,0,(AQ22*4400000+11000000)) -> 11000000 | AS22: =AM22-(Q22+R22+S22)/V22*U22 -> 18145000 | AT22: =ROUND(IF((AS22-AR22-AO22)<0,0,(AS22-AR22-AO22)),0) -> #N/A | AU22: 0 | AV22: =ROUND(IF(AU22>0,0,IF(AT22<5000000,AT22*5%,IF(AT22<10000000,250000+(AT22-5000000)*10%,IF(AT22<18000000,750000+(AT22-10000000)*15%,IF(AT22<32000000,1950000+(AT22-18000000)*20%,IF(AT22<52000000,4750000+(AT22-32000000)*25%,IF(AT22<80000000,9750000+(AT22-52000000)*30%,IF(AT22<400000000,18150000+(AT22-80000000)*35%,0)))))))),0) -> #N/A | AW22: =AM22-AO22-AV22-AU22 -> #N/A | AZ22: =ROUND(AW22-AX22+AY22,0) -> #N/A | BA22: =AM22+AP22 -> #N/A | BC22: =U22 -> 21 | BD22: =AJ22 -> -225000 | BE22: -375000 | BF22: =T22/V22*U22 -> 1630000 | BG22: =B22 -> Lê Anh Việt | BH22: 18280755 | BI22: 21.5 | BJ22: =AZ22-BH22 -> #N/A | BK22: CL ngày công thực tế đi làm | BM22: LE ANH VIET | BN22: 170717 | BO22: CTY BSM LABS THANH TOAN LUONG T7.2024 | BP22: A CHAU (ACB)-307
A23: 15 | B23: Nguyễn Song Hà | C23: songha@bsmlabs.io | D23: Visual Art Director | F23: ON | L23: 47000000 | M23: =L23 -> 47000000 | N23: =VLOOKUP(B23,BHXH!$E$7:$F$15,2,0) -> 5310000 | O23: =M23-(N23+P23+Q23+R23+S23) -> 39060000 | P23: 500000 | Q23: 400000 | R23: 1000000 | S23: 730000 | T23: =SUM(Q23:S23) -> 2130000 | U23: =SUM(W23:Y23) -> 21 | V23: 21 | Y23: =VLOOKUP(B23,'Bảng công_092024'!$AR$31:$AT$57,3,0) -> 21 | Z23: =M23-Q23-R23-S23 -> 44870000 | AA23: =SUM(AB23:AD23) -> 47000000 | AB23: =ROUND($G23/V23*W23,0) -> 0 | AC23: =ROUND(I23/V23*X23,0) -> 0 | AD23: =ROUND($M23/V23*Y23,0) -> 47000000 | AF23: =SUM(AG23:AL23) -> -75000 | AJ23: =-VLOOKUP(B23,'Bảng công_092024'!$AR$31:$AS$57,2,0) -> -75000 | AM23: =AA23+AF23 -> 46925000 | AN23: =VLOOKUP(B23,BHXH!$E$7:$F$15,2,0) -> 5310000 | AO23: =$AN23*10.5% -> 557550 | AP23: =$AN23*21.5% -> 1141650 | AQ23: 0 | AR23: =IF($E23=10%,0,(AQ23*4400000+11000000)) -> 11000000 | AS23: =AM23-(Q23+R23+S23)/V23*U23 -> 44795000 | AT23: =ROUND(IF((AS23-AR23-AO23)<0,0,(AS23-AR23-AO23)),0) -> 33237450 | AU23: 0 | AV23: =ROUND(IF(AU23>0,0,IF(AT23<5000000,AT23*5%,IF(AT23<10000000,250000+(AT23-5000000)*10%,IF(AT23<18000000,750000+(AT23-10000000)*15%,IF(AT23<32000000,1950000+(AT23-18000000)*20%,IF(AT23<52000000,4750000+(AT23-32000000)*25%,IF(AT23<80000000,9750000+(AT23-52000000)*30%,IF(AT23<400000000,18150000+(AT23-80000000)*35%,0)))))))),0) -> 5059363 | AW23: =AM23-AO23-AV23-AU23 -> 41308087 | AZ23: =ROUND(AW23-AX23+AY23,0) -> 41308087 | BA23: =AM23+AP23 -> 48066650 | BC23: =U23 -> 21 | BD23: =AJ23 -> -75000 | BE23: -150000 | BF23: =T23/V23*U23 -> 2130000 | BG23: =B23 -> Nguyễn Song Hà | BH23: 40961250 | BI23: 22 | BJ23: =AZ23-BH23 -> 346837 | BK23: CL phạt đi muộn | BM23: NGUYEN SONG HA | BN23: 19020074352016
A24: 16 | B24: Trần Thị Bảo Tâm | C24: tamtran.bsmlabs@gmail.com | D24: HR | E24: 0.1 | F24: ON | I24: =L24*100% -> 20000000 | L24: =18000000/0.9 -> 20000000 | M24: =L24 -> 20000000 | O24: =SUM(P20:S20) -> 1880000 | U24: =SUM(W24:Y24) -> 21 | V24: 21 | X24: =VLOOKUP(B24, 'Bảng công_092024'!$AR$31:$AT$57, 3, FALSE) -> 21 | AA24: =SUM(AB24:AD24) -> 20000000 | AB24: =ROUND($G24/V24*W24,0) -> 0 | AC24: =ROUND(I24/V24*X24,0) -> 20000000 | AD24: =ROUND($M24/V24*Y24,0) -> 0 | AF24: =SUM(AG24:AL24) -> -75000 | AJ24: =-VLOOKUP(B24,'Bảng công_092024'!$AR$31:$AS$57,2,0) -> -75000 | AM24: =AA24+AF24 -> 19925000 | AR24: =IF($E24=10%,0,(AQ24*4400000+11000000)) -> 0 | AS24: =AM24-(Q24+R24+S24)/V24*U24 -> 19925000 | AT24: =ROUND(IF((AS24-AR24-AO24)<0,0,(AS24-AR24-AO24)),0) -> 19925000 | AU24: =IF(AT24<2000000,0,(AT24*10%)) -> 1992500 | AW24: =AM24-AO24-AV24-AU24 -> 17932500 | AZ24: =ROUND(AW24-AX24+AY24,0) -> 17932500 | BA24: =AM24+AP24 -> 19925000 | BB24: Thử việc | BC24: =U24 -> 21 | BD24: =AJ24 -> -75000 | BE24: -150000 | BF24: =T24/V24*U24 -> 0 | BG24: =B24 -> Trần Thị Bảo Tâm | BH24: 17865000 | BI24: 22 | BJ24: =AZ24-BH24 -> 67500 | BK24: CL phạt đi muộn | BM24: TRAN THI BAO TAM | BN24: 18729518888 | BO24: CTY BSM LABS THANH TOAN LUONG T7.2024 | BP24: TIEN PHONG (TPBANK)-358
A25: 17 | B25: Phạm Đăng Bình | C25: binhpham.bsmlabs@gmail.com | D25: Video Editor | E25: 0.1 | F25: Thử việc | I25: =L25*85% -> 15111111 | L25: =16000000/0.9 -> 17777778 | M25: =L25 -> 17777778 | U25: =SUM(W25:Y25) -> 21 | V25: 21 | X25: =VLOOKUP(B25, 'Bảng công_092024'!$AR$31:$AT$57, 3, FALSE) -> 21 | AA25: =SUM(AB25:AD25) -> 15111111 | AB25: =ROUND($G25/V25*W25,0) -> 0 | AC25: =ROUND(I25/V25*X25,0) -> 15111111 | AD25: =ROUND($M25/V25*Y25,0) -> 0 | AF25: =SUM(AG25:AL25) -> -225000 | AJ25: =-VLOOKUP(B25,'Bảng công_092024'!$AR$31:$AS$57,2,0) -> -225000 | AM25: =AA25+AF25 -> 14886111 | AS25: =AM25-(Q25+R25+S25)/V25*U25 -> 14886111 | AT25: =ROUND(IF((AS25-AR25-AO25)<0,0,(AS25-AR25-AO25)),0) -> 14886111 | AU25: =IF(AT25<2000000,0,(AT25*10%)) -> 1488611.1 | AW25: =AM25-AO25-AV25-AU25 -> 13397500 | AZ25: =ROUND(AW25-AX25+AY25,0) -> 13397500 | BA25: =AM25+AP25 -> 14886111 | BB25: Thử việc | BC25: =U25 -> 21 | BD25: =AJ25 -> -225000 | BE25: 0 | BF25: =T25/V25*U25 -> 0 | BG25: =B25 -> Phạm Đăng Bình | BH25: 11745455 | BI25: 19 | BJ25: =AZ25-BH25 -> 1652045 | BK25: CL ngày công thực tế đi làm+ phạt đi muộn
A26: 18 | B26: Phạm Thị Mỹ Duyên | C26: duyeneditorbsmlabs@gmail.com | D26: Video Editor | E26: 0.1 | F26: Thử việc | I26: =L26*85% -> 11050000 | L26: 13000000 | M26: =L26 -> 13000000 | U26: =SUM(W26:Y26) -> 21 | V26: 21 | X26: =VLOOKUP(B26, 'Bảng công_092024'!$AR$31:$AT$57, 3, FALSE) -> 21 | AA26: =SUM(AB26:AD26) -> 11050000 | AB26: =ROUND($G26/V26*W26,0) -> 0 | AC26: =ROUND(I26/V26*X26,0) -> 11050000 | AD26: =ROUND($M26/V26*Y26,0) -> 0 | AF26: =SUM(AG26:AL26) -> 0 | AJ26: =-VLOOKUP(B26,'Bảng công_092024'!$AR$31:$AS$57,2,0) -> 0 | AM26: =AA26+AF26 -> 11050000 | AS26: =AM26-(Q26+R26+S26)/V26*U26 -> 11050000 | AT26: =ROUND(IF((AS26-AR26-AO26)<0,0,(AS26-AR26-AO26)),0) -> 11050000 | AU26: =IF(AT26<2000000,0,(AT26*10%)) -> 1105000 | AW26: =AM26-AO26-AV26-AU26 -> 9945000 | AZ26: =ROUND(AW26-AX26+AY26,0) -> 9945000 | BA26: =AM26+AP26 -> 11050000 | BB26: Thử việc | BC26: =U26 -> 21 | BD26: =AJ26 -> 0 | BE26: -75000 | BF26: =T26/V26*U26 -> 0 | BG26: =B26 -> Phạm Thị Mỹ Duyên | BH26: 8973410 | BI26: 20 | BJ26: =AZ26-BH26 -> 971590 | BK26: CL ngày công thực tế đi làm+ phạt đi muộn
A27: 19 | B27: Nguyễn Phương Ly | C27: phuongly.bsmlabs@gmail.com | D27: Executive Assistant | E27: 0.1 | F27: Thử việc | I27: =L27*100% -> 27777778 | L27: =25000000/0.9 -> 27777778 | M27: =L27 -> 27777778 | U27: =SUM(W27:Y27) -> 21 | V27: 21 | X27: =VLOOKUP(B27, 'Bảng công_092024'!$AR$31:$AT$57, 3, FALSE) -> 21 | AA27: =SUM(AB27:AD27) -> 27777778 | AB27: =ROUND($G27/V27*W27,0) -> 0 | AC27: =ROUND(I27/V27*X27,0) -> 27777778 | AD27: =ROUND($M27/V27*Y27,0) -> 0 | AF27: =SUM(AG27:AL27) -> 0 | AJ27: =-VLOOKUP(B27,'Bảng công_092024'!$AR$31:$AS$57,2,0) -> 0 | AM27: =AA27+AF27 -> 27777778 | AS27: =AM27-(Q27+R27+S27)/V27*U27 -> 27777778 | AT27: =ROUND(IF((AS27-AR27-AO27)<0,0,(AS27-AR27-AO27)),0) -> 27777778 | AU27: =IF(AT27<2000000,0,(AT27*10%)) -> 2777777.8 | AW27: =AM27-AO27-AV27-AU27 -> 25000000 | AZ27: =ROUND(AW27-AX27+AY27,0) -> 25000000 | BA27: =AM27+AP27 -> 27777778 | BB27: Thử việc | BC27: =U27 -> 21 | BD27: =AJ27 -> 0 | BE27: -75000 | BF27: =T27/V27*U27 -> 0 | BG27: =B27 -> Nguyễn Phương Ly | BH27: 3341591 | BI27: 3 | BJ27: =AZ27-BH27 -> 21658409 | BK27: T8 có 3 công, T9 đủ công
A28: 20 | B28: Nguyễn Thị Ngọc Ánh | C28: anhnguyen.bsmlabs@gmail.com | D28: QC Lead | E28: 0.1 | F28: Thử việc | I28: =L28*100% -> 35555556 | L28: =32000000/0.9 -> 35555556 | M28: =L28 -> 35555556 | U28: =SUM(W28:Y28) -> 19 | V28: 21 | X28: =VLOOKUP(B28, 'Bảng công_092024'!$AR$31:$AT$57, 3, FALSE) -> 19 | AA28: =SUM(AB28:AD28) -> 32169312 | AB28: =ROUND($G28/V28*W28,0) -> 0 | AC28: =ROUND(I28/V28*X28,0) -> 32169312 | AD28: =ROUND($M28/V28*Y28,0) -> 0 | AF28: =SUM(AG28:AL28) -> 0 | AJ28: =-VLOOKUP(B28,'Bảng công_092024'!$AR$31:$AS$57,2,0) -> 0 | AM28: =AA28+AF28 -> 32169312 | AS28: =AM28-(Q28+R28+S28)/V28*U28 -> 32169312 | AT28: =ROUND(IF((AS28-AR28-AO28)<0,0,(AS28-AR28-AO28)),0) -> 32169312 | AU28: =IF(AT28<2000000,0,(AT28*10%)) -> 3216931.2 | AW28: =AM28-AO28-AV28-AU28 -> 28952381 | AZ28: =ROUND(AW28-AX28+AY28,0) -> 28952381 | BA28: =AM28+AP28 -> 32169312 | BC28: =U28 -> 19 | BD28: =AJ28 -> 0 | BE28: 0 | BF28: =T28/V28*U28 -> 0 | BG28: =B28 -> Nguyễn Thị Ngọc Ánh | BH28: 0 | BI28: 0 | BJ28: =AZ28-BH28 -> 28952381 | BK28: Nhân sự mới T9
A29: 21 | B29: Bùi Thị Nam Trang | C29: namtrangbsmlabs@gmail.com | D29: Graphic Design | E29: 0.1 | F29: Thử việc | I29: =L29*85% -> 12750000 | L29: 15000000 | M29: =L29 -> 15000000 | U29: =SUM(W29:Y29) -> 9 | V29: 21 | X29: =VLOOKUP(B29, 'Bảng công_092024'!$AR$31:$AT$57, 3, FALSE) -> 9 | AA29: =SUM(AB29:AD29) -> 5464286 | AB29: =ROUND($G29/V29*W29,0) -> 0 | AC29: =ROUND(I29/V29*X29,0) -> 5464286 | AD29: =ROUND($M29/V29*Y29,0) -> 0 | AF29: =SUM(AG29:AL29) -> -150000 | AJ29: =-VLOOKUP(B29,'Bảng công_092024'!$AR$31:$AS$57,2,0) -> -150000 | AM29: =AA29+AF29 -> 5314286 | AS29: =AM29-(Q29+R29+S29)/V29*U29 -> 5314286 | AT29: =ROUND(IF((AS29-AR29-AO29)<0,0,(AS29-AR29-AO29)),0) -> 5314286 | AU29: =IF(AT29<2000000,0,(AT29*10%)) -> 531428.6 | AW29: =AM29-AO29-AV29-AU29 -> 4782857.4 | AZ29: =ROUND(AW29-AX29+AY29,0) -> 4782857 | BA29: =AM29+AP29 -> 5314286 | BC29: =U29 -> 9 | BD29: =AJ29 -> -150000 | BE29: 0 | BF29: =T29/V29*U29 -> 0 | BG29: =B29 -> Bùi Thị Nam Trang | BH29: 0 | BI29: 0 | BJ29: =AZ29-BH29 -> 4782857 | BK29: Nhân sự mới T9
A30: 22 | B30: Nguyễn Xuân Phong | C30: phongnx.bsmlabs@gmail.com | D30: Dev Intern | E30: 0.1 | F30: ON | G30: =6000000/0.9 -> 6666666.7 | L30: =G30 -> 6666666.7 | U30: =SUM(W30:Y30) -> 18.5 | V30: 21 | W30: =VLOOKUP(B30, 'Bảng công_092024'!$AR$31:$AT$57, 3, FALSE) -> 18.5 | AA30: =SUM(AB30:AE30) -> 5873016 | AB30: =ROUND($G30/V30*W30,0) -> 5873016 | AC30: =ROUND(I30/V30*X30,0) -> 0 | AD30: =ROUND($M30/V30*Y30,0) -> 0 | AF30: =SUM(AG30:AL30) -> 0 | AJ30: =-VLOOKUP(B30,'Bảng công_092024'!$AR$31:$AS$57,2,0) -> 0 | AM30: =AA30+AF30 -> 5873016 | AR30: =IF($E30=10%,0,(AQ30*4400000+11000000)) -> 0 | AS30: =AM30-(Q30+R30+S30)/V30*U30 -> 5873016 | AT30: =ROUND(IF((AS30-AR30-AO30)<0,0,(AS30-AR30-AO30)),0) -> 5873016 | AU30: =IF(AT30<2000000,0,(AT30*10%)) -> 587301.6 | AW30: =AM30-AO30-AV30-AU30 -> 5285714.4 | AX30: 0 | AZ30: =ROUND(AW30-AX30+AY30,0) -> 5285714 | BA30: =AM30+AP30 -> 5873016 | BB30: Intern | BC30: =U30 -> 18.5 | BD30: =AJ30 -> 0 | BE30: 0 | BF30: =T30/V30*U30 -> 0 | BG30: =B30 -> Nguyễn Xuân Phong | BH30: 4636364 | BI30: 17 | BJ30: =AZ30-BH30 -> 649350 | BK30: T8 công ít hơn, nhưng T7 trừ đi muộn nhiều hơn | BL30: Cty trả taxes | BM30: NGUYEN XUAN PHONG | BN30: 1013262796 | BO30: CTY BSM LABS THANH TOAN LUONG T7.2024 | BP30: NGOAI THUONG VN (VCB)-203
A31: 23 | B31: Vương Tuấn Cường | C31: cuongvt.bsmlabs@gmail.com | D31: AI Intern | E31: 0.1 | F31: ON | G31: =8000000/0.9 -> 8888888.9 | L31: =G31 -> 8888888.9 | U31: =SUM(W31:Y31) -> 20 | V31: 21 | W31: =VLOOKUP(B31, 'Bảng công_092024'!$AR$31:$AT$57, 3, FALSE) -> 20 | AA31: =SUM(AB31:AE31) -> 8465608 | AB31: =ROUND($G31/V31*W31,0) -> 8465608 | AC31: =ROUND(I31/V31*X31,0) -> 0 | AD31: =ROUND($M31/V31*Y31,0) -> 0 | AF31: =SUM(AG31:AL31) -> 0 | AJ31: =-VLOOKUP(B31,'Bảng công_092024'!$AR$31:$AS$57,2,0) -> 0 | AM31: =AA31+AF31 -> 8465608 | AR31: =IF($E31=10%,0,(AQ31*4400000+11000000)) -> 0 | AS31: =AM31-(Q31+R31+S31)/V31*U31 -> 8465608 | AT31: =ROUND(IF((AS31-AR31-AO31)<0,0,(AS31-AR31-AO31)),0) -> 8465608 | AU31: =IF(AT31<2000000,0,(AT31*10%)) -> 846560.8 | AW31: =AM31-AO31-AV31-AU31 -> 7619047.2 | AX31: 0 | AZ31: =ROUND(AW31-AX31+AY31,0) -> 7619047 | BA31: =AM31+AP31 -> 8465608 | BB31: Intern | BC31: =U31 -> 20 | BD31: =AJ31 -> 0 | BE31: 0 | BF31: =T31/V31*U31 -> 0 | BG31: =B31 -> Vương Tuấn Cường | BH31: 7636363 | BI31: 21 | BJ31: =AZ31-BH31 -> -17316 | BK31: T8 và T9 cùng ít hơn ngày công chuẩn 1 ngày, nhưng công chuẩn T8 và T9 khác nhau | BL31: Cty trả taxes | BM31: VUONG TUAN CUONG | BN31: 19072451339011
A32: 24 | B32: Nguyễn Nam Anh | C32: anhnn.bsmlabs@gmail.com | D32: Dev Intern | E32: 0.1 | F32: ON | G32: =6000000/0.9 -> 6666666.7 | L32: =G32 -> 6666666.7 | U32: =SUM(W32:Y32) -> 19 | V32: 21 | W32: =VLOOKUP(B32, 'Bảng công_092024'!$AR$31:$AT$57, 3, FALSE) -> 19 | AA32: =SUM(AB32:AE32) -> 6031746 | AB32: =ROUND($G32/V32*W32,0) -> 6031746 | AC32: =ROUND(I32/V32*X32,0) -> 0 | AD32: =ROUND($M32/V32*Y32,0) -> 0 | AF32: =SUM(AG32:AL32) -> 0 | AJ32: =-VLOOKUP(B32,'Bảng công_092024'!$AR$31:$AS$57,2,0) -> 0 | AM32: =AA32+AF32 -> 6031746 | AR32: =IF($E32=10%,0,(AQ32*4400000+11000000)) -> 0 | AS32: =AM32-(Q32+R32+S32)/V32*U32 -> 6031746 | AT32: =ROUND(IF((AS32-AR32-AO32)<0,0,(AS32-AR32-AO32)),0) -> 6031746 | AU32: =IF(AT32<2000000,0,(AT32*10%)) -> 603174.6 | AW32: =AM32-AO32-AV32-AU32 -> 5428571.4 | AX32: 0 | AZ32: =ROUND(AW32-AX32+AY32,0) -> 5428571 | BA32: =AM32+AP32 -> 6031746 | BB32: Intern | BC32: =U32 -> 19 | BD32: =AJ32 -> 0 | BE32: -75000 | BF32: =T32/V32*U32 -> 0 | BG32: =B32 -> Nguyễn Nam Anh | BH32: 5659772 | BI32: 21 | BJ32: =AZ32-BH32 -> -231201 | BK32: CL ngày công + Phạt đi muộn | BL32: Cty trả taxes | BM32: NGUYEN NAM ANH | BN32: 19036834245014
A33: 25 | B33: Ngô Phương Anh | C33: phanhnp.bsmlabs@gmail.com | D33: AI Intern | E33: 0.1 | F33: ON | G33: =6000000/0.9 -> 6666666.7 | L33: =G33 -> 6666666.7 | U33: =SUM(W33:Y33) -> 18.5 | V33: 21 | W33: =VLOOKUP(B33, 'Bảng công_092024'!$AR$31:$AT$57, 3, FALSE) -> 18.5 | AA33: =SUM(AB33:AE33) -> 5873016 | AB33: =ROUND($G33/V33*W33,0) -> 5873016 | AC33: =ROUND(I33/V33*X33,0) -> 0 | AD33: =ROUND($M33/V33*Y33,0) -> 0 | AF33: =SUM(AG33:AL33) -> -75000 | AJ33: =-VLOOKUP(B33,'Bảng công_092024'!$AR$31:$AS$57,2,0) -> -75000 | AM33: =AA33+AF33 -> 5798016 | AR33: =IF($E33=10%,0,(AQ33*4400000+11000000)) -> 0 | AS33: =AM33-(Q33+R33+S33)/V33*U33 -> 5798016 | AT33: =ROUND(IF((AS33-AR33-AO33)<0,0,(AS33-AR33-AO33)),0) -> 5798016 | AU33: =IF(AT33<2000000,0,(AT33*10%)) -> 579801.6 | AW33: =AM33-AO33-AV33-AU33 -> 5218214.4 | AX33: 0 | AZ33: =ROUND(AW33-AX33+AY33,0) -> 5218214 | BA33: =AM33+AP33 -> 5798016 | BB33: Intern | BC33: =U33 -> 18.5 | BD33: =AJ33 -> -75000 | BE33: 0 | BF33: =T33/V33*U33 -> 0 | BG33: =B33 -> Ngô Phương Anh | BH33: 5045455 | BI33: 18.5 | BJ33: =AZ33-BH33 -> 172759 | BK33: T8 và T9 cùng ít hơn ngày công chuẩn 1 ngày, nhưng công chuẩn T8 và T9 khác nhau + CL Phạt đi muộn | BL33: Cty trả taxes | BM33: NGO PHUONG ANH | BN33: 0982304341 | BO33: CTY BSM LABS THANH TOAN LUONG T7.2024 | BP33: QUAN DOI (MB)-311
A34: 26 | B34: Nguyễn Gia Bình | C34: binhng.bsmlabs@gmail.com | D34: AI Intern | E34: 0.1 | F34: NEW | G34: 4000000 | L34: =G34 -> 4000000 | U34: =SUM(W34:Y34) -> 19 | V34: 21 | W34: =VLOOKUP(B34, 'Bảng công_092024'!$AR$31:$AT$57, 3, FALSE) -> 19 | AA34: =SUM(AB34:AE34) -> 3619048 | AB34: =ROUND($G34/V34*W34,0) -> 3619048 | AC34: =ROUND(I34/V34*X34,0) -> 0 | AD34: =ROUND($M34/V34*Y34,0) -> 0 | AF34: =SUM(AG34:AL34) -> 0 | AJ34: =-VLOOKUP(B34,'Bảng công_092024'!$AR$31:$AS$57,2,0) -> 0 | AM34: =AA34+AF34 -> 3619048 | AR34: =IF($E34=10%,0,(AQ34*4400000+11000000)) -> 0 | AS34: =AM34-(Q34+R34+S34)/V34*U34 -> 3619048 | AT34: =ROUND(IF((AS34-AR34-AO34)<0,0,(AS34-AR34-AO34)),0) -> 3619048 | AU34: =IF(AT34<2000000,0,(AT34*10%)) -> 361904.8 | AW34: =AM34-AO34-AV34-AU34 -> 3257143.2 | AX34: 0 | AZ34: =ROUND(AW34-AX34+AY34,0) -> 3257143 | BA34: =AM34+AP34 -> 3619048 | BB34: Intern | BC34: =U34 -> 19 | BD34: =AJ34 -> 0 | BE34: 0 | BF34: =T34/V34*U34 -> 0 | BG34: =B34 -> Nguyễn Gia Bình | BH34: 3027272 | BI34: 18.5 | BJ34: =AZ34-BH34 -> 229871 | BK34: CL công đi làm thực tế | BL34: Tự trả
A35: 27 | B35: Nguyễn Thị Duyên | C35: duyennguyen24.bsmlabs@gmail.com | D35: AI Intern | E35: 0.1 | F35: NEW | G35: 4000000 | L35: =G35 -> 4000000 | U35: =SUM(W35:Y35) -> 20 | V35: 21 | W35: =VLOOKUP(B35, 'Bảng công_092024'!$AR$31:$AT$57, 3, FALSE) -> 20 | AA35: =SUM(AB35:AE35) -> 3809524 | AB35: =ROUND($G35/V35*W35,0) -> 3809524 | AC35: =ROUND(I35/V35*X35,0) -> 0 | AD35: =ROUND($M35/V35*Y35,0) -> 0 | AF35: =SUM(AG35:AL35) -> 0 | AJ35: =-VLOOKUP(B35,'Bảng công_092024'!$AR$31:$AS$57,2,0) -> 0 | AM35: =AA35+AF35 -> 3809524 | AR35: =IF($E35=10%,0,(AQ35*4400000+11000000)) -> 0 | AS35: =AM35-(Q35+R35+S35)/V35*U35 -> 3809524 | AT35: =ROUND(IF((AS35-AR35-AO35)<0,0,(AS35-AR35-AO35)),0) -> 3809524 | AU35: =IF(AT35<2000000,0,(AT35*10%)) -> 380952.4 | AW35: =AM35-AO35-AV35-AU35 -> 3428571.6 | AX35: 0 | AZ35: =ROUND(AW35-AX35+AY35,0) -> 3428572 | BA35: =AM35+AP35 -> 3809524 | BB35: Intern | BC35: =U35 -> 20 | BD35: =AJ35 -> 0 | BE35: -150000 | BF35: =T35/V35*U35 -> 0 | BG35: =B35 -> Nguyễn Thị Duyên | BH35: 3465000 | BI35: 22 | BJ35: =AZ35-BH35 -> -36428 | BK35: CL công đi làm thực tế | BL35: Tự trả | BM35: NGUYEN THI DUYEN | BN35: 19036086737014
A36: 28 | B36: Phan Thị Nguyệt Ánh | C36: anhphan.bsmlabs@gmail.com | D36: Social Content Intern | E36: 0.1 | F36: Thử việc | G36: 4000000 | L36: =G36 -> 4000000 | U36: =SUM(W36:Y36) -> 20.5 | V36: 21 | W36: =VLOOKUP(B36, 'Bảng công_092024'!$AR$31:$AT$57, 3, FALSE) -> 20.5 | AA36: =SUM(AB36:AE36) -> 3904762 | AB36: =ROUND($G36/V36*W36,0) -> 3904762 | AC36: =ROUND(I36/V36*X36,0) -> 0 | AD36: =ROUND($M36/V36*Y36,0) -> 0 | AF36: =SUM(AG36:AL36) -> 0 | AJ36: =-VLOOKUP(B36,'Bảng công_092024'!$AR$31:$AS$57,2,0) -> 0 | AM36: =AA36+AF36 -> 3904762 | AR36: =IF($E36=10%,0,(AQ36*4400000+11000000)) -> 0 | AS36: =AM36-(Q36+R36+S36)/V36*U36 -> 3904762 | AT36: =ROUND(IF((AS36-AR36-AO36)<0,0,(AS36-AR36-AO36)),0) -> 3904762 | AU36: =IF(AT36<2000000,0,(AT36*10%)) -> 390476.2 | AW36: =AM36-AO36-AV36-AU36 -> 3514285.8 | AX36: 0 | AZ36: =ROUND(AW36-AX36+AY36,0) -> 3514286 | BA36: =AM36+AP36 -> 3904762 | BB36: Intern | BC36: =U36 -> 20.5 | BD36: =AJ36 -> 0 | BE36: 0 | BF36: =T36/V36*U36 -> 0 | BG36: =B36 -> Phan Thị Nguyệt Ánh | BH36: 1545455 | BI36: 8.5 | BJ36: =AZ36-BH36 -> 1968831 | BK36: CL công đi làm thực tế | BL36: Tự trả
B37: TỔNG | G37: =SUM(G9:G36) -> 40888889 | H37: =SUM(H9:H36) -> 0 | I37: =SUM(I9:I36) -> 1.2224444e+08 | J37: =SUM(J9:J36) -> 0 | K37: =SUM(K9:K36) -> 0 | L37: =SUM(L9:L36) -> 6.26649e+08 | M37: =SUM(M9:M36) -> 5.8576011e+08 | N37: =SUM(N9:N36) -> #N/A | ... BF37: =SUM(BF9:BF36) -> 25596190 | BH37: =SUM(BH9:BH36) -> 477344416 | BI37: =SUM(BI9:BI36) -> 520 | BJ37: =SUM(BJ9:BJ36) -> #N/A | BK37: =SUM(BK9:BK20) -> 0
AM38: =AF37+AA37 -> 594089897 | AO38: =AO37/10.5*21.5 -> #N/A | AS38: =AM37-BF37 -> 5.6849371e+08 | AZ38: 484253507 | BG38: Nguyễn Thị Hà | BH38: 6909091
AJ39: =-AJ37 -> 1650000 | AM39: =AM38-AJ37 -> 595739897 | AS39: =AS37-AS38 -> 0 | AZ39: =AZ37-AZ38 -> #N/A | BH39: =BH38+BH37 -> 484253507

Sheet Bảng công_092024
A1: STT | B1: Name | D1: Attendance metrics | L1: Unusual data | V1: Leave summary | AA1: Time
C2: Termination date | D2: Expected working days | E2: Expected working hours(hr) | F2: Workday attendance | G2: Non-workday attendance | H2: Number of days off | I2: Actual working hours(hr) | J2: Shift working hours(hr) | K2: Offsite working hours | L2: Late arrivals | M2: Duration of late arrivals(hr) | N2: Very late arrivals | O2: Duration of very late arrivals(hr) | P2: Early leaves | Q2: Duration of early leaves(hr) | R2: Absence hours(hr) | S2: Missed clock-ins | T2: Missed clock-outs | U2: Absence days | V2: Business outside(days) | W2: Annual leave(days) | X2: Personal leave(days) | Y2: Remote demand | Z2: Late Request (đi muộn)(min) | AA2: 2024-09-01 | AB2: 2024-09-02 | AC2: 2024-09-03 | AD2: 2024-09-04 | AE2: 2024-09-05 | AF2: 2024-09-06 | AG2: 45542 | AH2: 45543 | AI2: 2024-09-09 | AJ2: 2024-09-10 | AK2: 2024-09-11 | AL2: 2024-09-12 | AM2: 2024-09-13 | AN2: 2024-09-14 | AO2: 2024-09-15 | AP2: 2024-09-16 | AQ2: 2024-09-17 | AR2: 2024-09-18 | AS2: 2024-09-19 | AT2: 2024-09-20 | AU2: 45556 | AV2: 45557 | AW2: 2024-09-23 | AX2: 2024-09-24 | AY2: 2024-09-25 | AZ2: 2024-09-26 | BA2: 2024-09-27 | BB2: 45563 | BC2: 45564 | BD2: 2024-09-30
A3: 1 | B3: Nguyen Hong Nhung | C3: - | D3: 20 | E3: 160.0 | F3: 10.8 | G3: 0 | H3: 10 | I3: 55.2 | J3: 54.5 | K3: 0 | L3: 6 | M3: 3.8 | N3: 0 | O3: 0 | P3: 0 | Q3: 0 | R3: 105.5 | S3: 5 | T3: 11 | U3: 4 | V3: 0 | W3: 0 | X3: 1 | Y3: 0 | Z3: 90 | AA3: - | AB3: - | AC3: - | AD3: 08:44,18:20 | AE3: 08:45,18:18 | AF3: 08:43 | AG3: - | AH3: - | AI3: 18:15 | AJ3: 08:43,18:20 | AK3: - | AL3: 08:45,18:20 | AM3: 08:43,18:29 | AN3: - | AO3: - | AP3: - | AQ3: - | AR3: - | AS3: - | AT3: - | AU3: - | AV3: - | AW3: - | AX3: - | AY3: - | AZ3: - | BA3: - | BB3: - | BC3: - | BD3: -
A4: 2 | B4: Đỗ Huyền | C4: - | D4: 20 | E4: 160.0 | F4: 15.6 | G4: 0 | H4: 10 | I4: 132.3 | J4: 126.5 | K4: 0 | L4: 0 | M4: 0 | N4: 0 | O4: 0 | P4: 0 | Q4: 0 | R4: 33.5 | S4: 2 | T4: 1 | U4: 1 | V4: 0 | W4: 0 | X4: 0 | Y4: 2.5 | Z4: 60 | AA4: - | AB4: - | AC4: - | AD4: 08:40,18:18 | AE4: 18:41 | AF4: 08:40 | AG4: - | AH4: - | AI4: 08:39,18:29 | AJ4: 08:45,19:30 | AK4: - | AL4: 08:45,18:30 | AM4: 08:41,18:30 | AN4: - | AO4: - | AP4: 18:30 | AQ4: 08:44,19:20 | AR4: 08:42,18:21 | AS4: 18:15 | AT4: 08:45,18:15 | AU4: - | AV4: - | AW4: 08:44,18:15 | AX4: remote chiều | AY4: 08:45,18:16 | AZ4: 08:40,18:46 | BA4: 08:37,18:30 | BB4: - | BC4: - | BD4: 08:41,18:37
A5: 3 | B5: Vương Cường | C5: - | D5: 20 | E5: 160.0 | F5: 13.2 | G5: 0 | H5: 10 | I5: 111.5 | J5: 102.3 | K5: 0 | L5: 0 | M5: 0 | N5: 0 | O5: 0 | P5: 0 | Q5: 0 | R5: 57.7 | S5: 0 | T5: 1 | U5: 0 | V5: 1.5 | W5: 0 | X5: 1.5 | Y5: 2.5 | Z5: 145.2 | AA5: - | AB5: - | AC5: 08:45 | AD5: 06:56 | AE5: 08:29,18:20 | AF5: 18:15 | AG5: - | AH5: - | AI5: 08:12,18:37 | AJ5: 18:15 | AK5: 07:43 | AL5: 08:41,18:45 | AM5: - | AN5: - | AO5: - | AP5: - | AQ5: 08:31,19:06 | AR5: 12:39,18:37 | AS5: 08:41,18:20 | AT5: - | AU5: - | AV5: - | AW5: 07:36,18:20 | AX5: 08:02,18:33 | AY5: 08:34 | AZ5: 08:41,18:20 | BA5: 18:31 | BB5: - | BC5: - | BD5: -
A6: 4 | B6: Lê Việt | C6: - | D6: 20 | E6: 160.0 | F6: 5 | G6: 0 | H6: 10 | I6: 33.8 | J6: 33.8 | K6: 37.50 hr | L6: 9 | M6: 3.0 | N6: 0 | O6: 0 | P6: 0 | Q6: 0 | R6: 126.2 | S6: 10 | T6: 20 | U6: 10 | V6: 0 | W6: 0 | X6: 0 | Y6: 0 | Z6: 60 | AA6: - | AB6: - | AC6: - | AD6: 09:08 | AE6: - | AF6: 08:54 | AG6: - | AH6: - | AI6: 08:57 | AJ6: - | AK6: - | AL6: 09:45,11:16 | AM6: - | AN6: - | AO6: - | AP6: - | AQ6: 08:48 | AR6: 09:08 | AS6: - | AT6: 10:39 | AU6: - | AV6: - | AW6: 09:45 | AX6: - | AY6: - | AZ6: 09:05 | BA6: 09:35 | BB6: - | BC6: - | BD6: -
A7: 5 | B7: Ngoc Le | C7: - | D7: 20 | E7: 160.0 | F7: 17 | G7: 0 | H7: 10 | I7: 141.2 | J7: 136.0 | K7: 0 | L7: 0 | M7: 0 | N7: 0 | O7: 0 | P7: 0 | Q7: 0 | R7: 24.0 | S7: 1 | T7: 1 | U7: 1 | V7: 0 | W7: 0 | X7: 0 | Y7: 2 | Z7: 0 | AA7: - | AB7: - | AC7: - | AD7: 08:36,18:20 | AE7: 08:29,18:24 | AF7: 08:45,18:15 | AG7: - | AH7: - | AI7: 08:29,18:26 | AJ7: 08:43,18:15 | AK7: 08:07 | AL7: 08:35,18:15 | AM7: 08:35,18:15 | AN7: - | AO7: - | AP7: 08:35,18:21 | AQ7: 08:35,18:20 | AR7: 08:38,18:26 | AS7: - | AT7: 08:35,18:20 | AU7: - | AV7: - | AW7: 08:39,18:27 | AX7: 08:35,18:24 | AY7: 08:35,18:22 | AZ7: 08:35,18:20 | BA7: 08:35,18:15 | BB7: - | BC7: - | BD7: 08:35,18:49
A8: 6 | B8: Nguyet Linh | C8: - | D8: 20 | E8: 160.0 | F8: 16.3 | G8: 0 | H8: 10 | I8: 142.3 | J8: 130.5 | K8: 0 | L8: 2 | M8: 0.3 | N8: 0 | O8: 0 | P8: 0 | Q8: 0 | R8: 29.5 | S8: 1 | T8: 1 | U8: 1 | V8: 0 | W8: 0 | X8: 0.5 | Y8: 2 | Z8: 120 | AA8: - | AB8: - | AC8: - | AD8: 07:29,18:28 | AE8: 08:39,18:25 | AF8: 08:42,18:15 | AG8: - | AH8: - | AI8: 08:49,18:21 | AJ8: 18:30 | AK8: - | AL8: - | AM8: 08:44,18:43 | AN8: - | AO8: - | AP8: 18:31 | AQ8: 08:38,18:26 | AR8: 08:41,19:32 | AS8: 18:20 | AT8: 08:42,18:27 | AU8: - | AV8: - | AW8: 08:57,18:30 | AX8: 08:30,18:41 | AY8: 08:41,18:30 | AZ8: 07:42,18:20 | BA8: 08:19,21:45 | BB8: - | BC8: - | BD8: 08:32,18:41
A9: 7 | B9: Thu Thao | C9: - | D9: 20 | E9: 160.0 | F9: 17.4 | G9: 0 | H9: 10 | I9: 146.1 | J9: 139.3 | K9: 0 | L9: 2 | M9: 0.8 | N9: 0 | O9: 0 | P9: 0 | Q9: 0 | R9: 20.8 | S9: 1 | T9: 1 | U9: 1 | V9: 0 | W9: 0 | X9: 0 | Y9: 1.5 | Z9: 45 | AA9: - | AB9: - | AC9: - | AD9: 08:59,19:31 | AE9: 08:34,18:15 | AF9: 08:38,18:15 | AG9: - | AH9: - | AI9: 08:27,18:34 | AJ9: 09:09,18:28 | AK9: - | AL9: 08:43,19:05 | AM9: 08:38,18:27 | AN9: - | AO9: - | AP9: 09:16,18:43 | AQ9: 18:30 | AR9: 08:45,18:55 | AS9: 08:40,18:15 | AT9: 08:43,18:24 | AU9: - | AV9: - | AW9: 08:43,18:15 | AX9: 08:41,18:31 | AY9: 08:35,18:33 | AZ9: 08:38,18:20 | BA9: 08:36,18:22 | BB9: - | BC9: - | BD9: 08:32,18:20
A10: 8 | B10: Ngoc Anh | C10: - | D10: 20 | E10: 160.0 | F10: 15.8 | G10: 0 | H10: 10 | I10: 131.2 | J10: 126.5 | K10: 0 | L10: 0 | M10: 0 | N10: 0 | O10: 0 | P10: 0 | Q10: 0 | R10: 33.5 | S10: 1 | T10: 1 | U10: 1 | V10: 0 | W10: 0 | X10: 0 | Y10: 3 | Z10: 0 | AA10: - | AB10: - | AC10: - | AD10: 08:32,18:15 | AE10: 08:28,18:15 | AF10: - | AG10: - | AH10: - | AI10: 08:45,18:25 | AJ10: 08:27,18:16 | AK10: - | AL10: - | AM10: 08:23,18:20 | AN10: - | AO10: - | AP10: 08:42,18:32 | AQ10: 08:30,18:15 | AR10: 08:35,18:22 | AS10: 08:28,18:17 | AT10: 08:31,18:16 | AU10: - | AV10: - | AW10: 08:31,18:25 | AX10: 08:31,18:15 | AY10: 08:33,18:15 | AZ10: 08:33,18:19 | BA10: 08:28,18:22 | BB10: - | BC10: - | BD10: 08:28,18:16
A11: 9 | B11: Tung Phan | C11: - | D11: 20 | E11: 160.0 | F11: 16.9 | G11: 0 | H11: 10 | I11: 141.0 | J11: 134.7 | K11: 0 | L11: 1 | M11: 0.4 | N11: 0 | O11: 0 | P11: 0 | Q11: 0 | R11: 25.3 | S11: 1 | T11: 1 | U11: 1 | V11: 0 | W11: 0 | X11: 0 | Y11: 2 | Z11: 55.2 | AA11: - | AB11: - | AC11: - | AD11: 08:37,18:47 | AE11: 08:35,18:30 | AF11: 08:45,18:15 | AG11: - | AH11: - | AI11: 09:06,18:15 | AJ11: 08:22,18:15 | AK11: - | AL11: - | AM11: 08:26,18:15 | AN11: - | AO11: - | AP11: 08:42,18:34 | AQ11: 08:35,18:15 | AR11: 08:50,18:20 | AS11: 08:29,18:21 | AT11: 08:35,19:11 | AU11: - | AV11: - | AW11: 08:31,18:30 | AX11: 08:31,18:15 | AY11: 08:36,18:33 | AZ11: 18:42 | BA11: 08:35,18:27 | BB11: - | BC11: - | BD11: 08:26,18:20
A12: 10 | B12: Nam Anh | C12: - | D12: 20 | E12: 160.0 | F12: 14.7 | G12: 0 | H12: 10 | I12: 121.2 | J12: 118.8 | K12: 0 | L12: 0 | M12: 0 | N12: 0 | O12: 0 | P12: 0 | Q12: 0 | R12: 41.3 | S12: 1 | T12: 1 | U12: 1 | V12: 0 | W12: 0 | X12: 2 | Y12: 2 | Z12: 164.4 | AA12: - | AB12: - | AC12: - | AD12: 08:34,18:15 | AE12: 08:39,18:17 | AF12: 08:38,18:15 | AG12: - | AH12: - | AI12: - | AJ12: 08:38,18:15 | AK12: - | AL12: 08:15,18:15 | AM12: 08:40,18:15 | AN12: - | AO12: - | AP12: 18:15 | AQ12: 08:29,18:15 | AR12: 08:40,18:29 | AS12: 08:58,18:16 | AT12: 08:40,18:15 | AU12: - | AV12: - | AW12: 18:20 | AX12: 09:04,18:15 | AY12: 08:37,18:15 | AZ12: 08:53,18:15 | BA12: 09:26,18:40 | BB12: - | BC12: - | BD12: -
A13: 11 | B13: Hải Linh | C13: - | D13: 20 | E13: 160.0 | F13: 16.1 | G13: 0 | H13: 10 | I13: 126.9 | J13: 124.4 | K13: 0 | L13: 2 | M13: 0.1 | N13: 0 | O13: 0 | P13: 0 | Q13: 0 | R13: 35.7 | S13: 0 | T13: 1 | U13: 0 | V13: 0 | W13: 0 | X13: 1 | Y13: 2 | Z13: 169.8 | AA13: - | AB13: - | AC13: 08:45,18:15 | AD13: 08:43,18:23 | AE13: - | AF13: - | AG13: - | AH13: - | AI13: 08:44,18:20 | AJ13: - | AK13: 18:15 | AL13: 08:45,19:54 | AM13: 08:46,18:20 | AN13: - | AO13: - | AP13: 18:20 | AQ13: 08:43,18:22 | AR13: 18:20 | AS13: 08:45,18:21 | AT13: 08:45,18:15 | AU13: - | AV13: - | AW13: 08:48,18:20 | AX13: 08:45,18:15 | AY13: 08:42 | AZ13: 18:15 | BA13: 08:44,18:15 | BB13: - | BC13: - | BD13: 08:42
A14: 12 | B14: Phong NX | C14: - | D14: 20 | E14: 160.0 | F14: 13 | G14: 0 | H14: 10 | I14: 101.8 | J14: 99.0 | K14: 0 | L14: 0 | M14: 0 | N14: 0 | O14: 0 | P14: 0 | Q14: 0 | R14: 61.0 | S14: 1 | T14: 2 | U14: 1 | V14: 0 | W14: 0 | X14: 2.5 | Y14: 3 | Z14: 15 | AA14: - | AB14: - | AC14: - | AD14: 08:37,18:38 | AE14: 18:15 | AF14: 08:38 | AG14: - | AH14: - | AI14: - | AJ14: 08:41,18:24 | AK14: - | AL14: 08:42,18:29 | AM14: - | AN14: - | AO14: - | AP14: 08:34,18:29 | AQ14: 08:32,18:31 | AR14: - | AS14: 08:40,18:24 | AT14: 08:41,18:19 | AU14: - | AV14: - | AW14: 08:39,18:26 | AX14: 08:40,18:16 | AY14: 08:43,18:15 | AZ14: 08:44 | BA14: - | BB14: - | BC14: - | BD14: 08:43,18:17
... A28: 26 | B28: Nam Trang | C28: - | D28: 8 | E28: 64.0 | F28: 8 | G28: 0 | H28: 4 | I28: 64.5 | J28: 63.8 | K28: 0 | L28: 2 | M28: 0.2 | N28: 0 | O28: 0 | P28: 0 | Q28: 0 | R28: 0.2 | S28: 0 | T28: 0 | U28: 0 | V28: 0 | W28: 0 | X28: 0 | Y28: 0 | Z28: 0 | AA28: - | AB28: - | AC28: - | AD28: - | AE28: - | AF28: - | AG28: - | AH28: - | AI28: - | AJ28: - | AK28: - | AL28: - | AM28: - | AN28: - | AO28: - | AP28: - | AQ28: - | AR28: - | AS28: 08:43,18:35 | AT28: 08:41,18:22 | AU28: - | AV28: - | AW28: 08:53,18:15 | AX28: 08:43,18:15 | AY28: 08:42,18:15 | AZ28: 08:44,18:15 | BA28: 08:42,18:15 | BB28: - | BC28: - | BD28: 08:49,18:15
AQ30: STT | AR30: Họ tên | AS30: Thưởng hiệu suất | AT30: Ngày công
AQ31: 1 | AR31: Nguyễn Ngọc Anh | AS31: =0*75000 -> 0 | AT31: 21
A32: Cường | B32: 06/9 late request | L32: Công tính lương 20 | AA32: Thu Thảo | AB32: Remote 11/9 | AC32: Công tính lương: 21 | AD32: ok | AF32: Trường Lâm | AG32: Remote 16/9 | AH32: Công tính lương: 21 | AI32: ok | AQ32: 2 | AR32: Phan Thanh Tùng | AS32: =1*75000 -> 75000 | AT32: 21
B33: 10/09 : BO sáng | L33: ko đi muộn | AB33: remote sáng 17/9 | AC33: Đi muộn ngày 04/9 | AH33: Đi muộn sáng 23+24 | AQ33: 3 | AR33: Nguyễn Ngọc Lê | AS33: =0*75000 -> 0 | AT33: 21
B34: 11/9 +16 /9 remote | AB34: Đi muộn 10/9 | AQ34: 4 | AR34: Nguyễn Hồng Nhung | AS34: =0*75000 -> 0 | AT34: 10
B35: 13/9 Remote sáng,B0 chiều | AQ35: 5 | AR35: Lê Hải Linh | AS35: =3*75000 -> 225000 | AT35: 21
B36: 18/9 NP sáng | AA36: Ngoc Anh | AB36: Remote ngày 06/9 | AC36: Công tính lương: 21 | AD36: ok | AF36: Chị Tuyết | AG36: Remote sáng 16 | AH36: Công tính lương: 21 | AI36: ok | AQ36: 6 | AR36: Cao Nguyễn Nguyệt Linh | AS36: =2*75000 -> 150000 | AT36: 21
B37: 20/9 BO chiều | AB37: Late request sáng ngày 09/9 + 16/9 | AC37: ko đi muộn | AG37: OFF sáng 18 | AH37: đi muộn 1 lần | AQ37: 7 | AR37: Thái Thanh Nhật Quang | AS37: =0*75000 -> 0 | AT37: 21
B38: 30/9 OFF sáng | AB38: Về sớm 24/9 | AG38: BO sáng 27/9 | AQ38: 8 | AR38: Trần Minh Tuyết | AS38: =1*75000 -> 75000 | AT38: 21
AQ39: 9 | AR39: Nguyễn Thị Thu Thảo | AS39: =1*75000 -> 75000 | AT39: 21
AA40: Tùng Phan | AB40: Remote 11+12/9 | AC40: Công tính lương: 21 | AD40: ok | AF40: Nam Trang | AH40: Công tính lương: 9 | AI40: ok | AQ40: 10 | AR40: Nguyễn Hữu Tuấn Minh | AS40: =1*75000 -> 75000 | AT40: 21
A41: Ngọc Lê | B41: 11/9 remote | L41: Công tính lương 21 | AB41: 26/9 + 18/9 late request | AC41: Đi muộn 1 lần ngày 09/9 | AH41: Đi muộn 2 lần | AQ41: 11 | AR41: Đỗ Khánh Huyền | AS41: =0*75000 -> 0 | AT41: 21
B42: 19/9 remote | L42: ko đi muộn | AQ42: 12 | AR42: Nguyễn Tử Trường Lâm | AS42: =2*75000 -> 150000 | AT42: 21
AF43: Ngọc Ánh | AH43: Công tính lương: 19 | AI43: ok | AQ43: 13 | AR43: Lê Anh Việt | AS43: =3*75000 -> 225000 | AT43: 21
AA44: Nam Anh | AB44: Late request 19+24+26+27/9 | AC44: Công tính lương: 19 | AD44: ok | AH44: Đi muộn 0 | AQ44: 14 | AR44: Nguyễn Song Hà | AS44: =1*75000 -> 75000 | AT44: 21
A45: Nguyệt Linh | B45: Đi muộn ngày 09/9 | L45: Công tính lương: 21 | AB45: 16/9 OFF sáng | AC45: Nghỉ phép 2 ngày | AQ45: 15 | AR45: Trần Thị Bảo Tâm | AS45: =1*75000 -> 75000 | AT45: 21
B46: Late request ngày 10 +16/9 | L46: Đi muộn ngày 09 + 23/9 | AB46: remote ngày 11 | AC46: Remote 2 ngày | AQ46: 16 | AR46: Phạm Đăng Bình | AS46: =3*75000 -> 225000 | AT46: 21
B47: Remote 11+12/9 | AB47: Off 09/9 + sáng 23/9 | AC47: ko đi muộn | AF47: Ly Nguyễn | AG47: Remote 11 ,17 | AH47: Công tính lương: 21 | AI47: ok | AQ47: 17 | AR47: Phạm Thị Mỹ Duyên | AS47: =0*75000 -> 0 | AT47: 21
B48: Đi muộn ngày 09 + 23/9 | AB48: remote 30/9 | AG48: Về sớm 16, đi muộn 16 | AH48: đi muộn nhưng late request | AQ48: 18 | AR48: Nguyễn Phương Ly | AS48: =0*75000 -> 0 | AT48: 21
B49: OFF sáng 19/9 | AG49: Đi muộn 27, 18 | AQ49: 19 | AR49: Nguyễn Thị Ngọc Ánh | AS49: =0*75000 -> 0 | AT49: 19
AG50: Early request 20 | AQ50: 20 | AR50: Bùi Thị Nam Trang | AS50: =2*75000 -> 150000 | AT50: 9
AA51: Phong | AB51: Remote 09/9 +18+11/9 | AC51: Công tính lương: 18.5 | AD51: ok | AQ51: 21 | AR51: Nguyễn Xuân Phong | AS51: =0*75000 -> 0 | AT51: 18.5
AB52: OFF chiều 26+ ngày 27+13 | AC52: ko đi muộn | AF52: Song Hà | AG52: Late request ngày 10/9 | AH52: Công tính lương: 21 | AI52: ok | AQ52: 22 | AR52: Vương Tuấn Cường | AS52: =0*75000 -> 0 | AT52: 20
AB53: Late request ngày 05/9 | AG53: NP 23 | AH53: Đi muộn 1 ngày 04/9 | AQ53: 23 | AR53: Nguyễn Nam Anh | AS53: =0*75000 -> 0 | AT53: 19
AG54: Remote ngày 12,11 , 09, chiều ngày 06, | AQ54: 24 | AR54: Ngô Phương Anh | AS54: =1*75000 -> 75000 | AT54: 18.5
AG55: B0 sáng 16 | AQ55: 25 | AR55: Nguyễn Gia Bình | AS55: =0*75000 -> 0 | AT55: 19
AA56: N. Phương Anh | AB56: Remote chiều 05/9 | AC56: Công tính lương: 18.5 | AD56: ok | AQ56: 26 | AR56: Nguyễn Thị Duyên | AS56: =0*75000 -> 0 | AT56: 20
AB57: Remote ngày 11+12/9 | AC57: Đi muộn 1 lần ngày 10/9 | AQ57: 27 | AR57: Phan Thị Nguyệt Ánh | AS57: =0*75000 -> 0 | AT57: 20.5
AB58: OFF 17+26/9 và chiều 19/6 | AF58: Phan Ánh | AG58: Off sáng ngày 04/9 | AH58: Công tính lương: 20,5 | AS58: =SUM(AS31:AS57) -> 1650000
AB59: Về sớm 15:30 ngày 30/9 + 16/9 | AG59: remote 06 + 11 +13 | AH59: ko đi muộn | AI59: ok
AB60: Late request sáng 16 | AG60: Nghỉ phép 23 -> Sử dụng benefit Runway
AG61: Về sớm 17:30 ngày 17
AA62: Huyền | AB62: Late request 10/9 | AC62: Công tính lương: 21 | AD62: ok
AB63: OFF: Không | AC63: ko đi muộn | AF63: Gia Bình | AG63: Remote 12/9,06,11 | AH63: Công tính lương: 19 | AI63: ok
AB64: remote chiều 24 | AG64: OFF 18,23 | AH64: ko đi muộn
AG65: Late request 25,30,9
AG66: Về sớm 13
AF68: Duyên AI | AG68: Về sớm 27 | AH68: Công tính lương: 20 | AI68: ok
AG69: Remote 20,11 + 10/9 | AH69: ko đi muộn
AF71: Duyên Editor | AG71: Remote 12 | AH71: Công tính lương: 21
AG72: OFF 20/9 | AH72: ko đi muộn
AG73: Late request 16/9 30''
AF75: Bình Editor | AG75: Nghỉ phép 17 -> Runway | AH75: Công tính lương: 21 | AI75: ok
AG76: Remote 11 | AH76: Đi muộn 3 lần
AF79: Tuấn Minh | AG79: Remote 11+12 | AH79: Công tính lương: 21 | AI79: ok
AG80: OFF 18 | AH80: Đi muộn 1 lần 16/9
AF82: Hải Linh | AH82: Công tính lương: 21 | AI82: ok
AH83: Đi muộn 3 lần
AF85: Nhung | AH85: Công tính lương: 10 | AI85: ok
AF87: Tâm | AG87: Remote sáng 30/9 | AH87: Công tính lương: 21 | AI87: ok
AG88: BO sáng 26/7 | AH88: Đi muộn 1 lần
AG89: Late request 19/9
AF91: Lê Việt | AG91: Hội thảo sáng 25 | AH91: Công tính lương: 21
AG92: gặp khách sáng 05/9 | AH92: Đi muộn 3 lần
AG93: Late request sáng 19
AG94: remote sáng 27 +30/9

Sheet Bản sao của BHXH
A1: CÔNG TY CỔ PHẦN BSM LABS
A2: DANH SÁCH TRÍCH NỘP BẢO HIỂM THÁNG 9/2024
S3: DANH SÁCH TRÍCH NỘP BẢO HIỂM THÁNG 07/2024
A4: STT | B4: SỐ SỔ BHXH | C4: EID | D4: Mã số NV | E4: Họ tên | F4: Mức lương | G4: NSDLĐ đóng 21,5% | K4: NLĐ đóng 10.5% | O4: TỔNG | P4: Note | R4: STT | S4: SỐ SỔ BHXH | T4: EID | U4: Mã số NV | V4: Họ tên | W4: Mức lương | X4: NSDLĐ đóng 21,5% | AB4: NLĐ đóng 10.5% | AF4: TỔNG
G5: BHXH | H5: BHYT | I5: BHTN | J5: TỔNG | K5: BHXH | L5: BHYT | M5: BHTN | N5: TỔNG | X5: BHXH | Y5: BHYT | Z5: BHTN | AA5: TỔNG | AB5: BHXH | AC5: BHYT | AD5: BHTN | AE5: TỔNG
G6: 0.175 | H6: 0.03 | I6: 1% | K6: 0.08 | L6: 0.015 | M6: 0.01 | X6: 0.175 | Y6: 0.03 | Z6: 1% | AB6: 0.08 | AC6: 0.015 | AD6: 0.01
A7: 1 | B7: 0113145672 | D7: BSM00002 | E7: Bùi Văn Điệp | F7: 9000000 | G7: =ROUND(F7*$G$6,0) -> 1575000 | H7: =ROUND(F7*$H$6,0) -> 270000 | I7: =ROUND(F7*$I$6,0) -> 90000 | J7: =ROUND(SUM(G7:I7),0) -> 1935000 | K7: =ROUND(F7*$K$6,0) -> 720000 | L7: =ROUND(F7*$L$6,0) -> 135000 | M7: =ROUND(F7*$M$6,0) -> 90000 | N7: =ROUND(SUM(K7:M7),0) -> 945000 | O7: =J7+N7 -> 2880000 | R7: 1 | S7: 0107025871 | U7: BSM00001 | V7: Nguyễn Châu Hy | W7: 5100000 | X7: =ROUND(W7*$G$6,0) -> 892500 | Y7: =ROUND(W7*$H$6,0) -> 153000 | Z7: =ROUND(W7*$I$6,0) -> 51000 | AA7: =ROUND(SUM(X7:Z7),0) -> 1096500 | AB7: =ROUND(W7*$K$6,0) -> 408000 | AC7: =ROUND(W7*$L$6,0) -> 76500 | AD7: =ROUND(W7*$M$6,0) -> 51000 | AE7: =ROUND(SUM(AB7:AD7),0) -> 535500 | AF7: =AA7+AE7 -> 1632000
A8: 2 | B8: 4221453018 | D8: BSM00003 | E8: Nguyễn Ngọc Anh | F8: 5100000 | G8: =ROUND(F8*$G$6,0) -> 892500 | H8: =ROUND(F8*$H$6,0) -> 153000 | I8: =ROUND(H8*$G$6,0) -> 26775 | J8: =ROUND(SUM(G8:I8),0) -> 1072275 | K8: =ROUND(F8*$K$6,0) -> 408000 | L8: =ROUND(F8*$L$6,0) -> 76500 | M8: =ROUND(F8*$M$6,0) -> 51000 | N8: =ROUND(SUM(K8:M8),0) -> 535500 | O8: =J8+N8 -> 1607775 | R8: 2 | S8: 0113145672 | U8: BSM00002 | V8: Bùi Văn Điệp | W8: 9000000 | X8: =ROUND(W8*$G$6,0) -> 1575000 | Y8: =ROUND(W8*$H$6,0) -> 270000 | Z8: =ROUND(W8*$I$6,0) -> 90000 | AA8: =ROUND(SUM(X8:Z8),0) -> 1935000 | AB8: =ROUND(W8*$K$6,0) -> 720000 | AC8: =ROUND(W8*$L$6,0) -> 135000 | AD8: =ROUND(W8*$M$6,0) -> 90000 | AE8: =ROUND(SUM(AB8:AD8),0) -> 945000 | AF8: =AA8+AE8 -> 2880000
A9: 3 | D9: BSM00005 | E9: Phan Thanh Tùng | F9: 5100000 | G9: =ROUND(F9*$G$6,0) -> 892500 | H9: =ROUND(F9*$H$6,0) -> 153000 | I9: =ROUND(H9*$G$6,0) -> 26775 | J9: =ROUND(SUM(G9:I9),0) -> 1072275 | K9: =ROUND(F9*$K$6,0) -> 408000 | L9: =ROUND(F9*$L$6,0) -> 76500 | M9: =ROUND(F9*$M$6,0) -> 51000 | N9: =ROUND(SUM(K9:M9),0) -> 535500 | O9: =J9+N9 -> 1607775 | R9: 3 | S9: 4221453018 | U9: BSM00003 | V9: Nguyễn Ngọc Anh | W9: 5100000 | X9: =ROUND(W9*$G$6,0) -> 892500 | Y9: =ROUND(W9*$H$6,0) -> 153000 | Z9: =ROUND(W9*$I$6,0) -> 51000 | AA9: =ROUND(SUM(X9:Z9),0) -> 1096500 | AB9: =ROUND(W9*$K$6,0) -> 408000 | AC9: =ROUND(W9*$L$6,0) -> 76500 | AD9: =ROUND(W9*$M$6,0) -> 51000 | AE9: =ROUND(SUM(AB9:AD9),0) -> 535500 | AF9: =AA9+AE9 -> 1632000
A10: 4 | D10: BSM00006 | E10: Nguyễn Thị Hà | F10: 5100000 | H10: =ROUND(F10*$H$6,0) -> 153000 | J10: =ROUND(SUM(G10:I10),0) -> 153000 | O10: =J10+N10 -> 153000 | R10: 4 | U10: BSM00005 | V10: Phan Thanh Tùng | W10: 5100000 | X10: =ROUND(W10*$G$6,0) -> 892500 | Y10: =ROUND(W10*$H$6,0) -> 153000 | Z10: =ROUND(W10*$I$6,0) -> 51000 | AA10: =ROUND(SUM(X10:Z10),0) -> 1096500 | AB10: =ROUND(W10*$K$6,0) -> 408000 | AC10: =ROUND(W10*$L$6,0) -> 76500 | AD10: =ROUND(W10*$M$6,0) -> 51000 | AE10: =ROUND(SUM(AB10:AD10),0) -> 535500 | AF10: =AA10+AE10 -> 1632000
A11: 5 | D11: BSM00007 | E11: Nguyễn Ngọc Lê | F11: 5100000 | G11: =ROUND(F11*$G$6,0) -> 892500 | H11: =ROUND(F11*$H$6,0) -> 153000 | I11: =ROUND(F11*$I$6,0) -> 51000 | J11: =ROUND(SUM(G11:I11),0) -> 1096500 | K11: =ROUND(F11*$K$6,0) -> 408000 | L11: =ROUND(F11*$L$6,0) -> 76500 | M11: =ROUND(F11*$M$6,0) -> 51000 | N11: =ROUND(SUM(K11:M11),0) -> 535500 | O11: =J11+N11 -> 1632000 | R11: 5 | U11: BSM00006 | V11: Nguyễn Thị Hà | W11: 5100000 | X11: =ROUND(W11*$G$6,0) -> 892500 | Y11: =ROUND(W11*$H$6,0) -> 153000 | Z11: =ROUND(W11*$I$6,0) -> 51000 | AA11: =ROUND(SUM(X11:Z11),0) -> 1096500 | AB11: =ROUND(W11*$K$6,0) -> 408000 | AC11: =ROUND(W11*$L$6,0) -> 76500 | AD11: =ROUND(W11*$M$6,0) -> 51000 | AE11: =ROUND(SUM(AB11:AD11),0) -> 535500 | AF11: =AA11+AE11 -> 1632000
A12: 6 | D12: BSM00008 | E12: Nguyễn Hồng Nhung | F12: 5100000 | H12: =ROUND(F12*$H$6,0) -> 153000 | J12: =ROUND(SUM(G12:I12),0) -> 153000 | O12: =J12+N12 -> 153000 | R12: 6 | U12: BSM00007 | V12: Nguyễn Ngọc Lê | W12: 5100000 | X12: =ROUND(W12*$G$6,0) -> 892500 | Y12: =ROUND(W12*$H$6,0) -> 153000 | Z12: =ROUND(W12*$I$6,0) -> 51000 | AA12: =ROUND(SUM(X12:Z12),0) -> 1096500 | AB12: =ROUND(W12*$K$6,0) -> 408000 | AC12: =ROUND(W12*$L$6,0) -> 76500 | AD12: =ROUND(W12*$M$6,0) -> 51000 | AE12: =ROUND(SUM(AB12:AD12),0) -> 535500 | AF12: =AA12+AE12 -> 1632000
A13: 7 | D13: BSM00012 | E13: Lê Hải Linh | F13: 5100000 | G13: =ROUND(F13*$G$6,0) -> 892500 | H13: =ROUND(F13*$H$6,0) -> 153000 | I13: =ROUND(F13*$I$6,0) -> 51000 | J13: =ROUND(SUM(G13:I13),0) -> 1096500 | K13: =ROUND(F13*$K$6,0) -> 408000 | L13: =ROUND(F13*$L$6,0) -> 76500 | M13: =ROUND(F13*$M$6,0) -> 51000 | N13: =ROUND(SUM(K13:M13),0) -> 535500 | O13: =J13+N13 -> 1632000 | R13: 7 | U13: BSM00008 | V13: Nguyễn Hồng Nhung | W13: 5100000 | X13: =ROUND(W13*$G$6,0) -> 892500 | Y13: =ROUND(W13*$H$6,0) -> 153000 | Z13: =ROUND(W13*$I$6,0) -> 51000 | AA13: =ROUND(SUM(X13:Z13),0) -> 1096500 | AB13: =ROUND(W13*$K$6,0) -> 408000 | AC13: =ROUND(W13*$L$6,0) -> 76500 | AD13: =ROUND(W13*$M$6,0) -> 51000 | AE13: =ROUND(SUM(AB13:AD13),0) -> 535500 | AF13: =AA13+AE13 -> 1632000
A14: 8 | D14: BSM00013 | E14: Cao Nguyễn Nguyệt Linh | F14: 5100000 | G14: =ROUND(F14*$G$6,0) -> 892500 | H14: =ROUND(F14*$H$6,0) -> 153000 | I14: =ROUND(F14*$I$6,0) -> 51000 | J14: =ROUND(SUM(G14:I14),0) -> 1096500 | K14: =ROUND(F14*$K$6,0) -> 408000 | L14: =ROUND(F14*$L$6,0) -> 76500 | M14: =ROUND(F14*$M$6,0) -> 51000 | N14: =ROUND(SUM(K14:M14),0) -> 535500 | O14: =J14+N14 -> 1632000 | P14: =O23-P11 -> 31617550 | R14: 8 | U14: BSM00012 | V14: Lê Hải Linh | W14: 5100000 | X14: =ROUND(W14*$G$6,0) -> 892500 | Y14: =ROUND(W14*$H$6,0) -> 153000 | Z14: =ROUND(W14*$I$6,0) -> 51000 | AA14: =ROUND(SUM(X14:Z14),0) -> 1096500 | AB14: =ROUND(W14*$K$6,0) -> 408000 | AC14: =ROUND(W14*$L$6,0) -> 76500 | AD14: =ROUND(W14*$M$6,0) -> 51000 | AE14: =ROUND(SUM(AB14:AD14),0) -> 535500 | AF14: =AA14+AE14 -> 1632000
A15: 9 | D15: BSM00020 | E15: Thái Thanh Nhật Quang | F15: 20000000 | G15: =ROUND(F15*$G$6,0) -> 3500000 | H15: =ROUND(F15*$H$6,0) -> 600000 | I15: =ROUND(F15*$I$6,0) -> 200000 | J15: =ROUND(SUM(G15:I15),0) -> 4300000 | K15: =ROUND(F15*$K$6,0) -> 1600000 | L15: =ROUND(F15*$L$6,0) -> 300000 | M15: =ROUND(F15*$M$6,0) -> 200000 | N15: =ROUND(SUM(K15:M15),0) -> 2100000 | O15: =J15+N15 -> 6400000 | R15: 9 | U15: BSM00013 | V15: Cao Nguyễn Nguyệt Linh | W15: 5100000 | X15: =ROUND(W15*$G$6,0) -> 892500 | Y15: =ROUND(W15*$H$6,0) -> 153000 | Z15: =ROUND(W15*$I$6,0) -> 51000 | AA15: =ROUND(SUM(X15:Z15),0) -> 1096500 | AB15: =ROUND(W15*$K$6,0) -> 408000 | AC15: =ROUND(W15*$L$6,0) -> 76500 | AD15: =ROUND(W15*$M$6,0) -> 51000 | AE15: =ROUND(SUM(AB15:AD15),0) -> 535500 | AF15: =AA15+AE15 -> 1632000
A16: 10 | E16: Trần Minh Tuyết | F16: 9000000 | G16: =ROUND(F16*$G$6,0) -> 1575000 | H16: =ROUND(F16*$H$6,0) -> 270000 | I16: =ROUND(F16*$I$6,0) -> 90000 | J16: =ROUND(SUM(G16:I16),0) -> 1935000 | K16: =ROUND(F16*$K$6,0) -> 720000 | L16: =ROUND(F16*$L$6,0) -> 135000 | M16: =ROUND(F16*$M$6,0) -> 90000 | N16: =ROUND(SUM(K16:M16),0) -> 945000 | O16: =J16+N16 -> 2880000 | R16: 10 | U16: BSM00020 | V16: Nguyễn Minh Hiếu | W16: 20000000 | X16: =ROUND(W16*$G$6,0) -> 3500000 | Y16: =ROUND(W16*$H$6,0) -> 600000 | Z16: =ROUND(W16*$I$6,0) -> 200000 | AA16: =ROUND(SUM(X16:Z16),0) -> 4300000 | AB16: =ROUND(W16*$K$6,0) -> 1600000 | AC16: =ROUND(W16*$L$6,0) -> 300000 | AD16: =ROUND(W16*$M$6,0) -> 200000 | AE16: =ROUND(SUM(AB16:AD16),0) -> 2100000 | AF16: =AA16+AE16 -> 6400000
A17: 11 | E17: Nguyễn Thị Thu Thảo | F17: 5100000 | G17: =ROUND(F17*$G$6,0) -> 892500 | H17: =ROUND(F17*$H$6,0) -> 153000 | I17: =ROUND(F17*$I$6,0) -> 51000 | J17: =ROUND(SUM(G17:I17),0) -> 1096500 | K17: =ROUND(F17*$K$6,0) -> 408000 | L17: =ROUND(F17*$L$6,0) -> 76500 | M17: =ROUND(F17*$M$6,0) -> 51000 | N17: =ROUND(SUM(K17:M17),0) -> 535500 | O17: =J17+N17 -> 1632000
A18: 12 | E18: Nguyễn Hữu Tuấn Minh | F18: 5100000 | G18: =ROUND(F18*$G$6,0) -> 892500 | H18: =ROUND(F18*$H$6,0) -> 153000 | I18: =ROUND(F18*$I$6,0) -> 51000 | J18: =ROUND(SUM(G18:I18),0) -> 1096500 | K18: =ROUND(F18*$K$6,0) -> 408000 | L18: =ROUND(F18*$L$6,0) -> 76500 | M18: =ROUND(F18*$M$6,0) -> 51000 | N18: =ROUND(SUM(K18:M18),0) -> 535500 | O18: =J18+N18 -> 1632000
